{"Quận 1": {"Quận 1": [[], 0], "Quận Phú Nhuận": [[], 0], "Quận Gò Vấp": [[], 0], "Quận 12": [[], 0], "Quận 3": [[], 0], "Quận 10": [[], 0], "Quận 5": [[], 0], "Quận 6": [[], 0], "Quận Tân Bình": [[], 0], "Huyện Hóc Môn": [[], 0], "Quận Tân Phú": [[], 0], "Quận Bình Thạnh": [[], 0], "Quận 2": [[], 0], "Quận 9": [[], 0], "Quận Thủ Đức": [[], 0], "Ngoại thành": [[], 0], "Quận 11": [[], 0], "Quận 8": [[], 0], "Quận Bình Tân": [[], 0], "Huyện Bình Chánh": [[], 0], "Huyện Củ Chi": [[], 0], "Quận 4": [[], 0], "Quận 7": [[], 0], "Huyện Nhà Bè": [[], 0], "Huyện Cần Giờ": [[1362, 1358, 1360, 1366, 1055, 1058, 1061, 1063, 1060, 1065, 1062, 1066, 1064, 2138, 2137, 2141, 2139, 2144, 3662], 12.865982823219014]}, "Quận Phú Nhuận": {"Quận 1": [[], 0], "Quận Phú Nhuận": [[], 0], "Quận Gò Vấp": [[], 0], "Quận 12": [[], 0], "Quận 3": [[], 0], "Quận 10": [[], 0], "Quận 5": [[], 0], "Quận 6": [[], 0], "Quận Tân Bình": [[], 0], "Huyện Hóc Môn": [[], 0], "Quận Tân Phú": [[], 0], "Quận Bình Thạnh": [[], 0], "Quận 2": [[], 0], "Quận 9": [[], 0], "Quận Thủ Đức": [[], 0], "Ngoại thành": [[], 0], "Quận 11": [[], 0], "Quận 8": [[], 0], "Quận Bình Tân": [[], 0], "Huyện Bình Chánh": [[], 0], "Huyện Củ Chi": [[], 0], "Quận 4": [[], 0], "Quận 7": [[], 0], "Huyện Nhà Bè": [[1344, 1196, 1194, 1198, 1197, 1201, 1199, 1202, 1200, 1204], 6.973395470194189], "Huyện Cần Giờ": [[1344, 1196, 1194, 1198, 1197, 1201, 1199, 1202, 1200, 1204, 835, 7070, 1257, 1260, 1261, 1258, 1356, 1357, 1359, 1361, 1362, 1358, 1360, 1366, 1055, 1058, 1061, 1063, 1060, 1065, 1062, 1066, 1064, 2138, 2137, 2141, 2139, 2144, 3662], 27.303396507877913]}, "Quận Gò Vấp": {"Quận 1": [[], 0], "Quận Phú Nhuận": [[], 0], "Quận Gò Vấp": [[], 0], "Quận 12": [[], 0], "Quận 3": [[], 0], "Quận 10": [[], 0], "Quận 5": [[], 0], "Quận 6": [[], 0], "Quận Tân Bình": [[], 0], "Huyện Hóc Môn": [[], 0], "Quận Tân Phú": [[], 0], "Quận Bình Thạnh": [[], 0], "Quận 2": [[366, 476], 0.0], "Quận 9": [[], 0], "Quận Thủ Đức": [[], 0], "Ngoại thành": [[], 0], "Quận 11": [[], 0], "Quận 8": [[], 0], "Quận Bình Tân": [[], 0], "Huyện Bình Chánh": [[], 0], "Huyện Củ Chi": [[], 0], "Quận 4": [[], 0], "Quận 7": [[], 0], "Huyện Nhà Bè": [[607, 610, 609, 611, 900, 898, 902, 2835, 2837, 2840, 1397, 2842, 2839, 2841, 2844, 466, 472, 467, 1051, 1347, 18, 22, 21, 23, 24, 25, 26, 1344, 1196, 1194, 1198, 1197, 1201, 1199, 1202, 1200, 1204], 12.969804315806353], "Huyện Cần Giờ": [[607, 610, 609, 611, 900, 898, 902, 2835, 2837, 2840, 1397, 2842, 2839, 2841, 2844, 466, 472, 467, 1051, 1347, 18, 22, 21, 23, 24, 25, 26, 1344, 1196, 1194, 1198, 1197, 1201, 1199, 1202, 1200, 1204, 835, 7070, 1257, 1260, 1261, 1258, 1356, 1357, 1359, 1361, 1362, 1358, 1360, 1366, 1055, 1058, 1061, 1063, 1060, 1065, 1062, 1066, 1064, 2138, 2137, 2141, 2139, 2144, 3662], 33.29980535349007]}, "Quận 12": {"Quận 1": [[], 0], "Quận Phú Nhuận": [[], 0], "Quận Gò Vấp": [[], 0], "Quận 12": [[], 0], "Quận 3": [[], 0], "Quận 10": [[], 0], "Quận 5": [[], 0], "Quận 6": [[], 0], "Quận Tân Bình": [[], 0], "Huyện Hóc Môn": [[], 0], "Quận Tân Phú": [[], 0], "Quận Bình Thạnh": [[], 0], "Quận 2": [[], 0], "Quận 9": [[], 0], "Quận Thủ Đức": [[], 0], "Ngoại thành": [[], 0], "Quận 11": [[], 0], "Quận 8": [[], 0], "Quận Bình Tân": [[], 0], "Huyện Bình Chánh": [[], 0], "Huyện Củ Chi": [[], 0], "Quận 4": [[], 0], "Quận 7": [[], 0], "Huyện Nhà Bè": [[1344, 1196, 1194, 1198, 1197, 1201, 1199, 1202, 1200, 1204], 6.973395470194191], "Huyện Cần Giờ": [[1344, 1196, 1194, 1198, 1197, 1201, 1199, 1202, 1200, 1204, 835, 7070, 1257, 1260, 1261, 1258, 1356, 1357, 1359, 1361, 1362, 1358, 1360, 1366, 1055, 1058, 1061, 1063, 1060, 1065, 1062, 1066, 1064, 2138, 2137, 2141, 2139, 2144, 3662], 27.303396507877913]}, "Quận 3": {"Quận 1": [[], 0], "Quận Phú Nhuận": [[], 0], "Quận Gò Vấp": [[], 0], "Quận 12": [[], 0], "Quận 3": [[], 0], "Quận 10": [[], 0], "Quận 5": [[], 0], "Quận 6": [[], 0], "Quận Tân Bình": [[], 0], "Huyện Hóc Môn": [[], 0], "Quận Tân Phú": [[], 0], "Quận Bình Thạnh": [[], 0], "Quận 2": [[], 0], "Quận 9": [[], 0], "Quận Thủ Đức": [[], 0], "Ngoại thành": [[], 0], "Quận 11": [[], 0], "Quận 8": [[], 0], "Quận Bình Tân": [[], 0], "Huyện Bình Chánh": [[], 0], "Huyện Củ Chi": [[], 0], "Quận 4": [[], 0], "Quận 7": [[], 0], "Huyện Nhà Bè": [[1344, 1196, 1194, 1198, 1197, 1201, 1199, 1202, 1200, 1204], 6.973395470194188], "Huyện Cần Giờ": [[1344, 1196, 1194, 1198, 1197, 1201, 1199, 1202, 1200, 1204, 835, 7070, 1257, 1260, 1261, 1258, 1356, 1357, 1359, 1361, 1362, 1358, 1360, 1366, 1055, 1058, 1061, 1063, 1060, 1065, 1062, 1066, 1064, 2138, 2137, 2141, 2139, 2144, 3662], 27.303396507877892]}, "Quận 10": {"Quận 1": [[], 0], "Quận Phú Nhuận": [[], 0], "Quận Gò Vấp": [[], 0], "Quận 12": [[], 0], "Quận 3": [[], 0], "Quận 10": [[], 0], "Quận 5": [[], 0], "Quận 6": [[], 0], "Quận Tân Bình": [[], 0], "Huyện Hóc Môn": [[], 0], "Quận Tân Phú": [[], 0], "Quận Bình Thạnh": [[], 0], "Quận 2": [[], 0], "Quận 9": [[], 0], "Quận Thủ Đức": [[], 0], "Ngoại thành": [[], 0], "Quận 11": [[], 0], "Quận 8": [[], 0], "Quận Bình Tân": [[], 0], "Huyện Bình Chánh": [[], 0], "Huyện Củ Chi": [[], 0], "Quận 4": [[], 0], "Quận 7": [[], 0], "Huyện Nhà Bè": [[1344, 1196, 1194, 1198, 1197, 1201, 1199, 1202, 1200, 1204], 6.973395470194189], "Huyện Cần Giờ": [[1344, 1196, 1194, 1198, 1197, 1201, 1199, 1202, 1200, 1204, 835, 7070, 1257, 1260, 1261, 1258, 1356, 1357, 1359, 1361, 1362, 1358, 1360, 1366, 1055, 1058, 1061, 1063, 1060, 1065, 1062, 1066, 1064, 2138, 2137, 2141, 2139, 2144, 3662], 27.303396507877913]}, "Quận 5": {"Quận 1": [[], 0], "Quận Phú Nhuận": [[], 0], "Quận Gò Vấp": [[], 0], "Quận 12": [[], 0], "Quận 3": [[], 0], "Quận 10": [[], 0], "Quận 5": [[], 0], "Quận 6": [[], 0], "Quận Tân Bình": [[], 0], "Huyện Hóc Môn": [[], 0], "Quận Tân Phú": [[], 0], "Quận Bình Thạnh": [[], 0], "Quận 2": [[], 0], "Quận 9": [[], 0], "Quận Thủ Đức": [[], 0], "Ngoại thành": [[], 0], "Quận 11": [[], 0], "Quận 8": [[], 0], "Quận Bình Tân": [[], 0], "Huyện Bình Chánh": [[], 0], "Huyện Củ Chi": [[], 0], "Quận 4": [[], 0], "Quận 7": [[], 0], "Huyện Nhà Bè": [[1201, 1199, 1202, 1200, 1204], 4.326755585048563], "Huyện Cần Giờ": [[1201, 1199, 1202, 1200, 1204, 835, 7070, 1257, 1260, 1261, 1258, 1356, 1357, 1359, 1361, 1362, 1358, 1360, 1366, 1055, 1058, 1061, 1063, 1060, 1065, 1062, 1066, 1064, 2138, 2137, 2141, 2139, 2144, 3662], 24.656756622732285]}, "Quận 6": {"Quận 1": [[], 0], "Quận Phú Nhuận": [[], 0], "Quận Gò Vấp": [[], 0], "Quận 12": [[], 0], "Quận 3": [[], 0], "Quận 10": [[], 0], "Quận 5": [[], 0], "Quận Tân Bình": [[], 0], "Huyện Hóc Môn": [[], 0], "Quận Tân Phú": [[], 0], "Quận Bình Thạnh": [[], 0], "Quận 2": [[], 0], "Quận 9": [[], 0], "Quận Thủ Đức": [[], 0], "Quận 6": [[], 0], "Ngoại thành": [[], 0], "Quận 11": [[], 0], "Quận 8": [[], 0], "Quận Bình Tân": [[], 0], "Huyện Bình Chánh": [[], 0], "Huyện Củ Chi": [[], 0], "Quận 4": [[466, 472, 467, 1051, 1347, 18, 22, 21, 23, 24, 25, 26], 0.7642337779867696], "Quận 7": [[], 0], "Huyện Nhà Bè": [[466, 472, 467, 1051, 1347, 18, 22, 21, 23, 24, 25, 26, 1344, 1196, 1194, 1198, 1197, 1201, 1199, 1202, 1200, 1204], 8.679368805331972], "Huyện Cần Giờ": [[466, 472, 467, 1051, 1347, 18, 22, 21, 23, 24, 25, 26, 1344, 1196, 1194, 1198, 1197, 1201, 1199, 1202, 1200, 1204, 835, 7070, 1257, 1260, 1261, 1258, 1356, 1357, 1359, 1361, 1362, 1358, 1360, 1366, 1055, 1058, 1061, 1063, 1060, 1065, 1062, 1066, 1064, 2138, 2137, 2141, 2139, 2144, 3662], 29.00936984301569]}, "Quận Tân Bình": {"Quận 1": [[], 0], "Quận Phú Nhuận": [[], 0], "Quận Gò Vấp": [[], 0], "Quận 12": [[], 0], "Quận 3": [[], 0], "Quận 10": [[], 0], "Quận 5": [[], 0], "Quận 6": [[], 0], "Quận Tân Bình": [[], 0], "Huyện Hóc Môn": [[], 0], "Quận Tân Phú": [[], 0], "Quận Bình Thạnh": [[], 0], "Quận 2": [[], 0], "Quận 9": [[], 0], "Quận Thủ Đức": [[], 0], "Ngoại thành": [[], 0], "Quận 11": [[], 0], "Quận 8": [[], 0], "Quận Bình Tân": [[], 0], "Huyện Bình Chánh": [[], 0], "Huyện Củ Chi": [[], 0], "Quận 4": [[], 0], "Quận 7": [[], 0], "Huyện Nhà Bè": [[1344, 1196, 1194, 1198, 1197, 1201, 1199, 1202, 1200, 1204], 6.973395470194191], "Huyện Cần Giờ": [[1344, 1196, 1194, 1198, 1197, 1201, 1199, 1202, 1200, 1204, 835, 7070, 1257, 1260, 1261, 1258, 1356, 1357, 1359, 1361, 1362, 1358, 1360, 1366, 1055, 1058, 1061, 1063, 1060, 1065, 1062, 1066, 1064, 2138, 2137, 2141, 2139, 2144, 3662], 27.303396507877892]}, "Huyện Hóc Môn": {"Quận 1": [[], 0], "Quận Phú Nhuận": [[], 0], "Quận Gò Vấp": [[], 0], "Quận 12": [[], 0], "Quận 3": [[], 0], "Quận 10": [[], 0], "Quận 5": [[], 0], "Quận 6": [[], 0], "Quận Tân Bình": [[], 0], "Quận Tân Phú": [[], 0], "Quận Bình Thạnh": [[], 0], "Quận 2": [[], 0], "Quận 9": [[], 0], "Quận Thủ Đức": [[], 0], "Ngoại thành": [[], 0], "Quận 11": [[], 0], "Quận 8": [[], 0], "Quận Bình Tân": [[], 0], "Huyện Bình Chánh": [[], 0], "Huyện Củ Chi": [[], 0], "Quận 4": [[900, 898, 902, 2835, 2837, 2840, 1397, 2842, 2839, 2841, 2844, 466, 472, 467, 1051, 1347, 18, 22, 21, 23, 24, 25, 26], 0.7642337779867674], "Quận 7": [[], 0], "Huyện Nhà Bè": [[900, 898, 902, 2835, 2837, 2840, 1397, 2842, 2839, 2841, 2844, 466, 472, 467, 1051, 1347, 18, 22, 21, 23, 24, 25, 26, 1344, 1196, 1194, 1198, 1197, 1201, 1199, 1202, 1200, 1204], 8.679368805331976], "Huyện Hóc Môn": [[], 0], "Huyện Cần Giờ": [[900, 898, 902, 2835, 2837, 2840, 1397, 2842, 2839, 2841, 2844, 466, 472, 467, 1051, 1347, 18, 22, 21, 23, 24, 25, 26, 1344, 1196, 1194, 1198, 1197, 1201, 1199, 1202, 1200, 1204, 835, 7070, 1257, 1260, 1261, 1258, 1356, 1357, 1359, 1361, 1362, 1358, 1360, 1366, 1055, 1058, 1061, 1063, 1060, 1065, 1062, 1066, 1064, 2138, 2137, 2141, 2139, 2144, 3662], 29.009369843015698]}, "Quận Tân Phú": {"Quận 1": [[], 0], "Quận Phú Nhuận": [[], 0], "Quận Gò Vấp": [[], 0], "Quận 12": [[], 0], "Quận 3": [[], 0], "Quận 10": [[], 0], "Quận 5": [[], 0], "Quận 6": [[], 0], "Quận Tân Bình": [[], 0], "Huyện Hóc Môn": [[], 0], "Quận Tân Phú": [[], 0], "Quận Bình Thạnh": [[], 0], "Quận 2": [[], 0], "Quận 9": [[], 0], "Quận Thủ Đức": [[], 0], "Ngoại thành": [[], 0], "Quận 11": [[], 0], "Quận 8": [[], 0], "Quận Bình Tân": [[], 0], "Huyện Bình Chánh": [[], 0], "Huyện Củ Chi": [[], 0], "Quận 4": [[900, 898, 902, 2835, 2837, 2840, 1397, 2842, 2839, 2841, 2844, 466, 472, 467, 1051, 1347, 18, 22, 21, 23, 24, 25, 26], 0.7642337779867692], "Quận 7": [[], 0], "Huyện Nhà Bè": [[900, 898, 902, 2835, 2837, 2840, 1397, 2842, 2839, 2841, 2844, 466, 472, 467, 1051, 1347, 18, 22, 21, 23, 24, 25, 26, 1344, 1196, 1194, 1198, 1197, 1201, 1199, 1202, 1200, 1204], 8.67936880533197], "Huyện Cần Giờ": [[900, 898, 902, 2835, 2837, 2840, 1397, 2842, 2839, 2841, 2844, 466, 472, 467, 1051, 1347, 18, 22, 21, 23, 24, 25, 26, 1344, 1196, 1194, 1198, 1197, 1201, 1199, 1202, 1200, 1204, 835, 7070, 1257, 1260, 1261, 1258, 1356, 1357, 1359, 1361, 1362, 1358, 1360, 1366, 1055, 1058, 1061, 1063, 1060, 1065, 1062, 1066, 1064, 2138, 2137, 2141, 2139, 2144, 3662], 29.00936984301567]}, "Quận Bình Thạnh": {"Quận 1": [[], 0], "Quận Phú Nhuận": [[], 0], "Quận Gò Vấp": [[], 0], "Quận 12": [[], 0], "Quận 3": [[], 0], "Quận 10": [[], 0], "Quận 5": [[], 0], "Quận 6": [[], 0], "Quận Tân Bình": [[], 0], "Huyện Hóc Môn": [[], 0], "Quận Tân Phú": [[], 0], "Quận Bình Thạnh": [[], 0], "Quận 2": [[], 0], "Quận 9": [[], 0], "Quận Thủ Đức": [[], 0], "Ngoại thành": [[], 0], "Quận 11": [[], 0], "Quận 8": [[], 0], "Quận Bình Tân": [[], 0], "Huyện Bình Chánh": [[], 0], "Huyện Củ Chi": [[], 0], "Quận 4": [[], 0], "Quận 7": [[], 0], "Huyện Nhà Bè": [[1344, 1196, 1194, 1198, 1197, 1201, 1199, 1202, 1200, 1204], 6.973395470194188], "Huyện Cần Giờ": [[1344, 1196, 1194, 1198, 1197, 1201, 1199, 1202, 1200, 1204, 835, 7070, 1257, 1260, 1261, 1258, 1356, 1357, 1359, 1361, 1362, 1358, 1360, 1366, 1055, 1058, 1061, 1063, 1060, 1065, 1062, 1066, 1064, 2138, 2137, 2141, 2139, 2144, 3662], 27.303396507877892]}, "Quận 2": {"Quận 1": [[], 0], "Quận Phú Nhuận": [[], 0], "Quận Gò Vấp": [[], 0], "Quận 12": [[], 0], "Quận 3": [[], 0], "Quận 10": [[], 0], "Quận 5": [[], 0], "Quận 6": [[419, 420], 0.0], "Quận Tân Bình": [[], 0], "Huyện Hóc Môn": [[], 0], "Quận Tân Phú": [[419, 420], 0.0], "Quận Bình Thạnh": [[], 0], "Quận 2": [[], 0], "Quận 9": [[], 0], "Quận Thủ Đức": [[], 0], "Ngoại thành": [[], 0], "Quận 11": [[419, 420], 0.0], "Quận 8": [[], 0], "Quận Bình Tân": [[419, 420], 0.0], "Huyện Bình Chánh": [[], 0], "Huyện Củ Chi": [[], 0], "Quận 4": [[], 0], "Quận 7": [[], 0], "Huyện Nhà Bè": [[1401, 1451, 1344, 1196, 1194, 1198, 1197, 1201, 1199, 1202, 1200, 1204], 8.4643295856891], "Huyện Cần Giờ": [[1401, 1451, 1344, 1196, 1194, 1198, 1197, 1201, 1199, 1202, 1200, 1204, 835, 7070, 1257, 1260, 1261, 1258, 1356, 1357, 1359, 1361, 1362, 1358, 1360, 1366, 1055, 1058, 1061, 1063, 1060, 1065, 1062, 1066, 1064, 2138, 2137, 2141, 2139, 2144, 3662], 28.79433062337283]}, "Quận 9": {"Quận 1": [[], 0], "Quận Phú Nhuận": [[], 0], "Quận Gò Vấp": [[], 0], "Quận 12": [[], 0], "Quận 3": [[], 0], "Quận 10": [[], 0], "Quận 5": [[], 0], "Quận 6": [[], 0], "Quận Tân Bình": [[], 0], "Huyện Hóc Môn": [[], 0], "Quận Tân Phú": [[], 0], "Quận Bình Thạnh": [[], 0], "Quận 2": [[], 0], "Quận 9": [[], 0], "Quận Thủ Đức": [[], 0], "Ngoại thành": [[], 0], "Quận 11": [[], 0], "Quận 8": [[], 0], "Quận Bình Tân": [[], 0], "Huyện Bình Chánh": [[], 0], "Huyện Củ Chi": [[], 0], "Quận 4": [[], 0], "Quận 7": [[], 0], "Huyện Nhà Bè": [[1401, 1451, 1344, 1196, 1194, 1198, 1197, 1201, 1199, 1202, 1200, 1204], 8.464329585689093], "Huyện Cần Giờ": [[1401, 1451, 1344, 1196, 1194, 1198, 1197, 1201, 1199, 1202, 1200, 1204, 835, 7070, 1257, 1260, 1261, 1258, 1356, 1357, 1359, 1361, 1362, 1358, 1360, 1366, 1055, 1058, 1061, 1063, 1060, 1065, 1062, 1066, 1064, 2138, 2137, 2141, 2139, 2144, 3662], 28.794330623372808]}, "Quận Thủ Đức": {"Quận 1": [[], 0], "Quận Phú Nhuận": [[], 0], "Quận Gò Vấp": [[], 0], "Quận 12": [[], 0], "Quận 3": [[], 0], "Quận 10": [[], 0], "Quận 5": [[], 0], "Quận 6": [[], 0], "Quận Tân Bình": [[], 0], "Huyện Hóc Môn": [[], 0], "Quận Tân Phú": [[], 0], "Quận Bình Thạnh": [[], 0], "Quận 2": [[], 0], "Quận 9": [[], 0], "Quận Thủ Đức": [[], 0], "Ngoại thành": [[], 0], "Quận 11": [[], 0], "Quận 8": [[], 0], "Quận Bình Tân": [[], 0], "Huyện Bình Chánh": [[], 0], "Huyện Củ Chi": [[], 0], "Quận 4": [[], 0], "Quận 7": [[], 0], "Huyện Nhà Bè": [[1344, 1196, 1194, 1198, 1197, 1201, 1199, 1202, 1200, 1204], 6.973395470194188], "Huyện Cần Giờ": [[1344, 1196, 1194, 1198, 1197, 1201, 1199, 1202, 1200, 1204, 835, 7070, 1257, 1260, 1261, 1258, 1356, 1357, 1359, 1361, 1362, 1358, 1360, 1366, 1055, 1058, 1061, 1063, 1060, 1065, 1062, 1066, 1064, 2138, 2137, 2141, 2139, 2144, 3662], 27.303396507877896]}, "Ngoại thành": {"Quận 1": [[], 0], "Quận Phú Nhuận": [[], 0], "Quận Gò Vấp": [[], 0], "Quận 12": [[], 0], "Quận 3": [[], 0], "Quận 10": [[], 0], "Quận 5": [[], 0], "Quận 6": [[], 0], "Quận Tân Bình": [[], 0], "Huyện Hóc Môn": [[], 0], "Quận Tân Phú": [[], 0], "Quận Bình Thạnh": [[], 0], "Quận 2": [[], 0], "Quận 9": [[], 0], "Quận Thủ Đức": [[], 0], "Quận 11": [[], 0], "Quận 8": [[], 0], "Quận Bình Tân": [[], 0], "Huyện Bình Chánh": [[], 0], "Huyện Củ Chi": [[], 0], "Quận 4": [[], 0], "Quận 7": [[], 0], "Huyện Nhà Bè": [[], 0], "Huyện Cần Giờ": [[835, 7070, 1257, 1260, 1261, 1258, 1356, 1357, 1359, 1361, 1362, 1358, 1360, 1366, 1055, 1058, 1061, 1063, 1060, 1065, 1062, 1066, 1064, 2138, 2137, 2141, 2139, 2144, 3662], 18.69349762820562], "Ngoại thành": [[], 0]}, "Quận 11": {"Quận 1": [[], 0], "Quận Phú Nhuận": [[], 0], "Quận Gò Vấp": [[], 0], "Quận 12": [[], 0], "Quận 3": [[], 0], "Quận 10": [[], 0], "Quận 5": [[], 0], "Quận 6": [[], 0], "Quận Tân Bình": [[], 0], "Huyện Hóc Môn": [[], 0], "Quận Tân Phú": [[], 0], "Quận Bình Thạnh": [[], 0], "Quận 2": [[], 0], "Quận 9": [[], 0], "Quận Thủ Đức": [[], 0], "Ngoại thành": [[], 0], "Quận 11": [[], 0], "Quận 8": [[], 0], "Quận Bình Tân": [[], 0], "Huyện Bình Chánh": [[], 0], "Huyện Củ Chi": [[], 0], "Quận 4": [[466, 472, 467, 1051, 1347, 18, 22, 21, 23, 24, 25, 26], 0.7642337779867696], "Quận 7": [[], 0], "Huyện Nhà Bè": [[466, 472, 467, 1051, 1347, 18, 22, 21, 23, 24, 25, 26, 1344, 1196, 1194, 1198, 1197, 1201, 1199, 1202, 1200, 1204], 8.679368805331974], "Huyện Cần Giờ": [[466, 472, 467, 1051, 1347, 18, 22, 21, 23, 24, 25, 26, 1344, 1196, 1194, 1198, 1197, 1201, 1199, 1202, 1200, 1204, 835, 7070, 1257, 1260, 1261, 1258, 1356, 1357, 1359, 1361, 1362, 1358, 1360, 1366, 1055, 1058, 1061, 1063, 1060, 1065, 1062, 1066, 1064, 2138, 2137, 2141, 2139, 2144, 3662], 29.00936984301569]}, "Quận 8": {"Quận 1": [[], 0], "Quận Phú Nhuận": [[], 0], "Quận Gò Vấp": [[], 0], "Quận 12": [[], 0], "Quận 3": [[], 0], "Quận 10": [[], 0], "Quận 5": [[], 0], "Quận 6": [[], 0], "Quận Tân Bình": [[], 0], "Huyện Hóc Môn": [[], 0], "Quận Tân Phú": [[], 0], "Quận Bình Thạnh": [[], 0], "Quận 2": [[], 0], "Quận 9": [[], 0], "Quận Thủ Đức": [[], 0], "Ngoại thành": [[], 0], "Quận 11": [[], 0], "Quận 8": [[], 0], "Quận Bình Tân": [[], 0], "Huyện Bình Chánh": [[], 0], "Huyện Củ Chi": [[], 0], "Quận 4": [[], 0], "Quận 7": [[], 0], "Huyện Nhà Bè": [[], 0], "Huyện Cần Giờ": [[835, 7070, 1257, 1260, 1261, 1258, 1356, 1357, 1359, 1361, 1362, 1358, 1360, 1366, 1055, 1058, 1061, 1063, 1060, 1065, 1062, 1066, 1064, 2138, 2137, 2141, 2139, 2144, 3662], 18.693497628205545]}, "Quận Bình Tân": {"Quận 1": [[], 0], "Quận Phú Nhuận": [[], 0], "Quận Gò Vấp": [[], 0], "Quận 12": [[], 0], "Quận 3": [[], 0], "Quận 10": [[], 0], "Quận 5": [[], 0], "Quận 6": [[], 0], "Quận Tân Bình": [[], 0], "Huyện Hóc Môn": [[], 0], "Quận Tân Phú": [[], 0], "Quận Bình Thạnh": [[], 0], "Quận 2": [[], 0], "Quận 9": [[], 0], "Quận Thủ Đức": [[], 0], "Ngoại thành": [[], 0], "Quận 11": [[], 0], "Quận 8": [[], 0], "Quận Bình Tân": [[], 0], "Huyện Bình Chánh": [[], 0], "Huyện Củ Chi": [[], 0], "Quận 4": [[466, 472, 467, 1051, 1347, 18, 22, 21, 23, 24, 25, 26], 0.7642337779867674], "Quận 7": [[], 0], "Huyện Nhà Bè": [[466, 472, 467, 1051, 1347, 18, 22, 21, 23, 24, 25, 26, 1344, 1196, 1194, 1198, 1197, 1201, 1199, 1202, 1200, 1204], 8.679368805331976], "Huyện Cần Giờ": [[466, 472, 467, 1051, 1347, 18, 22, 21, 23, 24, 25, 26, 1344, 1196, 1194, 1198, 1197, 1201, 1199, 1202, 1200, 1204, 835, 7070, 1257, 1260, 1261, 1258, 1356, 1357, 1359, 1361, 1362, 1358, 1360, 1366, 1055, 1058, 1061, 1063, 1060, 1065, 1062, 1066, 1064, 2138, 2137, 2141, 2139, 2144, 3662], 29.009369843015683]}, "Huyện Bình Chánh": {"Quận 1": [[], 0], "Quận Phú Nhuận": [[], 0], "Quận Gò Vấp": [[], 0], "Quận 12": [[], 0], "Quận 3": [[], 0], "Quận 10": [[], 0], "Quận 5": [[], 0], "Quận 6": [[], 0], "Quận Tân Bình": [[], 0], "Huyện Hóc Môn": [[], 0], "Quận Tân Phú": [[], 0], "Quận Bình Thạnh": [[], 0], "Quận 2": [[], 0], "Quận 9": [[], 0], "Quận Thủ Đức": [[], 0], "Ngoại thành": [[], 0], "Quận 11": [[], 0], "Quận 8": [[], 0], "Quận Bình Tân": [[], 0], "Huyện Bình Chánh": [[], 0], "Huyện Củ Chi": [[], 0], "Quận 4": [[], 0], "Quận 7": [[], 0], "Huyện Nhà Bè": [[], 0], "Huyện Cần Giờ": [[835, 7070, 1257, 1260, 1261, 1258, 1356, 1357, 1359, 1361, 1362, 1358, 1360, 1366, 1055, 1058, 1061, 1063, 1060, 1065, 1062, 1066, 1064, 2138, 2137, 2141, 2139, 2144, 3662], 18.69349762820555]}, "Huyện Củ Chi": {"Quận 1": [[], 0], "Quận Phú Nhuận": [[], 0], "Quận Gò Vấp": [[], 0], "Quận 12": [[], 0], "Quận 3": [[], 0], "Quận 10": [[], 0], "Quận 5": [[], 0], "Quận 6": [[], 0], "Quận Tân Bình": [[], 0], "Huyện Hóc Môn": [[], 0], "Quận Tân Phú": [[], 0], "Quận Bình Thạnh": [[], 0], "Quận 2": [[], 0], "Quận 9": [[], 0], "Quận Thủ Đức": [[], 0], "Ngoại thành": [[], 0], "Quận 11": [[], 0], "Quận 8": [[], 0], "Quận Bình Tân": [[], 0], "Huyện Bình Chánh": [[], 0], "Huyện Củ Chi": [[], 0], "Quận 4": [[900, 898, 902, 2835, 2837, 2840, 1397, 2842, 2839, 2841, 2844, 466, 472, 467, 1051, 1347, 18, 22, 21, 23, 24, 25, 26], 0.7642337779867674], "Quận 7": [[], 0], "Huyện Nhà Bè": [[900, 898, 902, 2835, 2837, 2840, 1397, 2842, 2839, 2841, 2844, 466, 472, 467, 1051, 1347, 18, 22, 21, 23, 24, 25, 26, 1344, 1196, 1194, 1198, 1197, 1201, 1199, 1202, 1200, 1204], 8.679368805331983], "Huyện Cần Giờ": [[900, 898, 902, 2835, 2837, 2840, 1397, 2842, 2839, 2841, 2844, 466, 472, 467, 1051, 1347, 18, 22, 21, 23, 24, 25, 26, 1344, 1196, 1194, 1198, 1197, 1201, 1199, 1202, 1200, 1204, 835, 7070, 1257, 1260, 1261, 1258, 1356, 1357, 1359, 1361, 1362, 1358, 1360, 1366, 1055, 1058, 1061, 1063, 1060, 1065, 1062, 1066, 1064, 2138, 2137, 2141, 2139, 2144, 3662], 29.009369843015712]}, "Quận 4": {"Quận 1": [[], 0], "Quận Phú Nhuận": [[], 0], "Quận Gò Vấp": [[], 0], "Quận 12": [[], 0], "Quận 3": [[], 0], "Quận 10": [[], 0], "Quận 5": [[], 0], "Quận 6": [[], 0], "Quận Tân Bình": [[], 0], "Huyện Hóc Môn": [[], 0], "Quận Tân Phú": [[], 0], "Quận Bình Thạnh": [[], 0], "Quận 2": [[], 0], "Quận 9": [[], 0], "Quận Thủ Đức": [[], 0], "Ngoại thành": [[], 0], "Quận 11": [[], 0], "Quận 8": [[], 0], "Quận Bình Tân": [[], 0], "Huyện Bình Chánh": [[], 0], "Huyện Củ Chi": [[], 0], "Quận 4": [[], 0], "Quận 7": [[], 0], "Huyện Nhà Bè": [[], 0], "Huyện Cần Giờ": [[1362, 1358, 1360, 1366, 1055, 1058, 1061, 1063, 1060, 1065, 1062, 1066, 1064, 2138, 2137, 2141, 2139, 2144, 3662], 12.865982823219024]}, "Quận 7": {"Quận 1": [[], 0], "Quận Phú Nhuận": [[], 0], "Quận Gò Vấp": [[], 0], "Quận 12": [[], 0], "Quận 3": [[], 0], "Quận 10": [[], 0], "Quận 5": [[], 0], "Quận 6": [[], 0], "Quận Tân Bình": [[], 0], "Huyện Hóc Môn": [[], 0], "Quận Tân Phú": [[], 0], "Quận Bình Thạnh": [[], 0], "Quận 2": [[], 0], "Quận 9": [[], 0], "Quận Thủ Đức": [[], 0], "Ngoại thành": [[], 0], "Quận 11": [[], 0], "Quận 8": [[], 0], "Quận Bình Tân": [[], 0], "Huyện Bình Chánh": [[], 0], "Huyện Củ Chi": [[], 0], "Quận 4": [[], 0], "Quận 7": [[], 0], "Huyện Nhà Bè": [[], 0], "Huyện Cần Giờ": [[1055, 1058, 1061, 1063, 1060, 1065, 1062, 1066, 1064, 2138, 2137, 2141, 2139, 2144, 3662], 11.496734838425844]}, "Huyện Nhà Bè": {"Quận 1": [[1251, 4424, 1250, 1253], 0.0], "Quận Phú Nhuận": [[1251, 4424, 1250, 1253, 1379], 0.0], "Quận Gò Vấp": [[1251, 4424, 1250, 1253, 1379, 3080, 84, 1297], 1.4727686989114748], "Quận 12": [[1251, 4424, 1250, 1253, 1379, 3080, 84], 0.0], "Quận 3": [[1251, 4424, 1250, 1253, 1379], 0.0], "Quận 10": [[1251, 4424, 1250, 1253, 1379, 3080, 84], 0.0], "Quận 5": [[1251, 4424, 1250, 1253, 1379], 0.0], "Quận 6": [[1251, 4424, 1250, 1253, 1379, 3080, 84, 85, 87, 35, 89, 90, 1409, 1413, 1416], 3.155478328952869], "Quận Tân Bình": [[1251, 4424, 1250, 1253, 1379], 0.0], "Huyện Hóc Môn": [[1251, 4424, 1250, 1253, 1379, 3080, 84, 1297], 1.4727686989114748], "Quận Tân Phú": [[1251, 4424, 1250, 1253, 1379, 3080, 84], 0.0], "Quận Bình Thạnh": [[1251, 4424, 1250, 1253, 1379], 0.0], "Quận 2": [[1251, 4424, 1250, 1253, 1379, 3080, 84, 1297, 292, 242, 291, 294, 296], 4.065544661904932], "Quận 9": [[1251, 4424, 1250, 1253, 1379, 3080, 84, 1297, 292, 242, 291, 294, 296], 4.065544661904932], "Quận Thủ Đức": [[1251, 4424, 1250, 1253, 1379, 3080, 84, 1297, 292, 242, 291, 294, 296], 4.065544661904932], "Ngoại thành": [[1251, 4424, 1250, 1253, 1379, 3080, 84], 0.0], "Quận 11": [[1251, 4424, 1250, 1253, 1379, 3080, 84], 0.0], "Quận 8": [[], 0], "Quận Bình Tân": [[1251, 4424, 1250, 1253, 1379, 3080, 84], 0.0], "Huyện Bình Chánh": [[], 0], "Huyện Củ Chi": [[1251, 4424, 1250, 1253, 1379, 3080, 84, 1297], 1.4727686989114748], "Quận 4": [[], 0], "Quận 7": [[], 0], "Huyện Nhà Bè": [[], 0], "Huyện Cần Giờ": [[2144, 3662], 4.2269132315038505]}, "Huyện Cần Giờ": {"Quận 1": [[3688, 2174, 3689, 2176, 2177, 1141, 1143, 1142, 1144, 1145, 1146, 1150, 1364, 1363, 1367, 1365, 1370, 1368, 1372, 1369, 1240, 1241, 1371, 1375, 1377, 1373, 1374, 1378, 1376, 1380, 1382, 1251, 4424, 1250, 1253], 21.248963920330795], "Quận Phú Nhuận": [[3688, 2174, 3689, 2176, 2177, 1141, 1143, 1142, 1144, 1145, 1146, 1150, 1364, 1363, 1367, 1365, 1370, 1368, 1372, 1369, 1240, 1241, 1371, 1375, 1377, 1373, 1374, 1378, 1376, 1380, 1382, 1251, 4424, 1250, 1253, 1379], 21.248963920330795], "Quận Gò Vấp": [[3688, 2174, 3689, 2176, 2177, 1141, 1143, 1142, 1144, 1145, 1146, 1150, 1364, 1363, 1367, 1365, 1370, 1368, 1372, 1369, 1240, 1241, 1371, 1375, 1377, 1373, 1374, 1378, 1376, 1380, 1382, 1251, 4424, 1250, 1253, 1379, 3080, 84, 1297], 22.721732619242275], "Quận 12": [[3688, 2174, 3689, 2176, 2177, 1141, 1143, 1142, 1144, 1145, 1146, 1150, 1364, 1363, 1367, 1365, 1370, 1368, 1372, 1369, 1240, 1241, 1371, 1375, 1377, 1373, 1374, 1378, 1376, 1380, 1382, 1251, 4424, 1250, 1253, 1379, 3080, 84], 21.248963920330795], "Quận 3": [[3688, 2174, 3689, 2176, 2177, 1141, 1143, 1142, 1144, 1145, 1146, 1150, 1364, 1363, 1367, 1365, 1370, 1368, 1372, 1369, 1240, 1241, 1371, 1375, 1377, 1373, 1374, 1378, 1376, 1380, 1382, 1251, 4424, 1250, 1253, 1379], 21.248963920330795], "Quận 10": [[3688, 2174, 3689, 2176, 2177, 1141, 1143, 1142, 1144, 1145, 1146, 1150, 1364, 1363, 1367, 1365, 1370, 1368, 1372, 1369, 1240, 1241, 1371, 1375, 1377, 1373, 1374, 1378, 1376, 1380, 1382, 1251, 4424, 1250, 1253, 1379, 3080, 84], 21.248963920330795], "Quận 5": [[3688, 2174, 3689, 2176, 2177, 1141, 1143, 1142, 1144, 1145, 1146, 1150, 1364, 1363, 1367, 1365, 1370, 1368, 1372, 1369, 1240, 1241, 1371, 1375, 1377, 1373, 1374, 1378, 1376, 1380, 1382, 1251, 4424, 1250, 1253, 1379], 21.248963920330795], "Quận 6": [[3688, 2174, 3689, 2176, 2177, 1141, 1143, 1142, 1144, 1145, 1146, 1150, 1364, 1363, 1367, 1365, 1370, 1368, 1372, 1369, 1240, 1241, 1371, 1375, 1377, 1373, 1374, 1378, 1376, 1380, 1382, 1251, 4424, 1250, 1253, 1379, 3080, 84, 85, 87, 35, 89, 90, 1409, 1413, 1416], 24.404442249283676], "Quận Tân Bình": [[3688, 2174, 3689, 2176, 2177, 1141, 1143, 1142, 1144, 1145, 1146, 1150, 1364, 1363, 1367, 1365, 1370, 1368, 1372, 1369, 1240, 1241, 1371, 1375, 1377, 1373, 1374, 1378, 1376, 1380, 1382, 1251, 4424, 1250, 1253, 1379], 21.248963920330795], "Huyện Hóc Môn": [[3688, 2174, 3689, 2176, 2177, 1141, 1143, 1142, 1144, 1145, 1146, 1150, 1364, 1363, 1367, 1365, 1370, 1368, 1372, 1369, 1240, 1241, 1371, 1375, 1377, 1373, 1374, 1378, 1376, 1380, 1382, 1251, 4424, 1250, 1253, 1379, 3080, 84, 1297], 22.721732619242275], "Quận Tân Phú": [[3688, 2174, 3689, 2176, 2177, 1141, 1143, 1142, 1144, 1145, 1146, 1150, 1364, 1363, 1367, 1365, 1370, 1368, 1372, 1369, 1240, 1241, 1371, 1375, 1377, 1373, 1374, 1378, 1376, 1380, 1382, 1251, 4424, 1250, 1253, 1379, 3080, 84], 21.248963920330795], "Quận Bình Thạnh": [[3688, 2174, 3689, 2176, 2177, 1141, 1143, 1142, 1144, 1145, 1146, 1150, 1364, 1363, 1367, 1365, 1370, 1368, 1372, 1369, 1240, 1241, 1371, 1375, 1377, 1373, 1374, 1378, 1376, 1380, 1382, 1251, 4424, 1250, 1253, 1379], 21.248963920330795], "Quận 2": [[3688, 2174, 3689, 2176, 2177, 1141, 1143, 1142, 1144, 1145, 1146, 1150, 1364, 1363, 1367, 1365, 1370, 1368, 1372, 1369, 1240, 1241, 1371, 1375, 1377, 1373, 1374, 1378, 1376, 1380, 1382, 1251, 4424, 1250, 1253, 1379, 3080, 84, 1297, 292, 242, 291, 294, 296], 25.31450858223573], "Quận 9": [[3688, 2174, 3689, 2176, 2177, 1141, 1143, 1142, 1144, 1145, 1146, 1150, 1364, 1363, 1367, 1365, 1370, 1368, 1372, 1369, 1240, 1241, 1371, 1375, 1377, 1373, 1374, 1378, 1376, 1380, 1382, 1251, 4424, 1250, 1253, 1379, 3080, 84, 1297, 292, 242, 291, 294, 296], 25.31450858223573], "Quận Thủ Đức": [[3688, 2174, 3689, 2176, 2177, 1141, 1143, 1142, 1144, 1145, 1146, 1150, 1364, 1363, 1367, 1365, 1370, 1368, 1372, 1369, 1240, 1241, 1371, 1375, 1377, 1373, 1374, 1378, 1376, 1380, 1382, 1251, 4424, 1250, 1253, 1379, 3080, 84, 1297, 292, 242, 291, 294, 296], 25.31450858223573], "Ngoại thành": [[3688, 2174, 3689, 2176, 2177, 1141, 1143, 1142, 1144, 1145, 1146, 1150, 1364, 1363, 1367, 1365, 1370, 1368, 1372, 1369, 1240, 1241, 1371, 1375, 1377, 1373, 1374, 1378, 1376, 1380, 1382, 1251, 4424, 1250, 1253, 1379, 3080, 84], 21.248963920330795], "Quận 11": [[3688, 2174, 3689, 2176, 2177, 1141, 1143, 1142, 1144, 1145, 1146, 1150, 1364, 1363, 1367, 1365, 1370, 1368, 1372, 1369, 1240, 1241, 1371, 1375, 1377, 1373, 1374, 1378, 1376, 1380, 1382, 1251, 4424, 1250, 1253, 1379, 3080, 84], 21.248963920330795], "Quận 8": [[3688, 2174, 3689, 2176, 2177, 1141, 1143, 1142, 1144, 1145, 1146, 1150, 1364, 1363, 1367, 1365, 1370, 1368, 1372, 1369, 1240, 1241], 19.805542331718968], "Quận Bình Tân": [[3688, 2174, 3689, 2176, 2177, 1141, 1143, 1142, 1144, 1145, 1146, 1150, 1364, 1363, 1367, 1365, 1370, 1368, 1372, 1369, 1240, 1241, 1371, 1375, 1377, 1373, 1374, 1378, 1376, 1380, 1382, 1251, 4424, 1250, 1253, 1379, 3080, 84], 21.248963920330795], "Huyện Bình Chánh": [[3688, 2174, 3689, 2176, 2177, 1141, 1143, 1142, 1144, 1145, 1146, 1150, 1364, 1363, 1367, 1365, 1370, 1368, 1372, 1369, 1240, 1241], 19.805542331718968], "Huyện Củ Chi": [[3688, 2174, 3689, 2176, 2177, 1141, 1143, 1142, 1144, 1145, 1146, 1150, 1364, 1363, 1367, 1365, 1370, 1368, 1372, 1369, 1240, 1241, 1371, 1375, 1377, 1373, 1374, 1378, 1376, 1380, 1382, 1251, 4424, 1250, 1253, 1379, 3080, 84, 1297], 22.721732619242275], "Quận 4": [[3688, 2174, 3689, 2176, 2177, 1141, 1143, 1142, 1144, 1145, 1146, 1150, 1364, 1363, 1367, 1365], 19.805542331718968], "Quận 7": [[3688, 2174, 3689, 2176, 2177, 1141, 1143, 1142, 1144, 1145, 1146], 16.75073715326299], "Huyện Nhà Bè": [[3688, 2174], 9.117677929918358], "Huyện Cần Giờ": [[], 0]}, "Học Sinh": {"Học Sinh": [[], 0]}}