[{"RouteId":3,"RouteVarId":5,"RouteVarName":"Lượt đi: Bến Thành - Thạnh Lộc","RouteVarShortName":"Thạnh Lộc","RouteNo":"03","StartStop":"Bến xe buýt Sài Gòn","EndStop":"THẠNH LỘC","Distance":21456.000000000007,"Outbound":true,"RunningTime":70},{"RouteId":3,"RouteVarId":6,"RouteVarName":"Lượt về: Thạnh Lộc - Bến Thành","RouteVarShortName":"Bến Thành","RouteNo":"03","StartStop":"THẠNH LỘC","EndStop":"Bến xe buýt Sài Gòn","Distance":21704.0,"Outbound":false,"RunningTime":70}]
[{"RouteId":1,"RouteVarId":1,"RouteVarName":"Lượt đi: Bến Thành - BX Chợ Lớn","RouteVarShortName":"Bến Xe buýt Chợ Lớn","RouteNo":"01","StartStop":"Công Trường Mê Linh","EndStop":"Bến xe Chợ Lớn","Distance":8381.0,"Outbound":true,"RunningTime":35},{"RouteId":1,"RouteVarId":2,"RouteVarName":"Lượt về: BX Chợ Lớn - Bến Thành","RouteVarShortName":"Bến Thành","RouteNo":"01","StartStop":"Bến xe Chợ Lớn","EndStop":"Công Trường Mê Linh","Distance":9457.9999999999982,"Outbound":false,"RunningTime":35}]
[{"RouteId":7,"RouteVarId":13,"RouteVarName":"Lượt đi: Bến xe Chợ Lớn - Gò vấp","RouteVarShortName":"Gò vấp","RouteNo":"07","StartStop":"Bến xe Chợ Lớn","EndStop":"BÃI HẬU CẦN SỐ 1","Distance":15907.0,"Outbound":true,"RunningTime":70},{"RouteId":7,"RouteVarId":14,"RouteVarName":"Lượt về: Gò vấp - Bến xe Chợ Lớn","RouteVarShortName":"Bến Xe Buýt Chợ Lớn","RouteNo":"07","StartStop":"BÃI HẬU CẦN SỐ 1","EndStop":"Bến xe Chợ Lớn","Distance":14954.999999999998,"Outbound":false,"RunningTime":70}]
[{"RouteId":4,"RouteVarId":7,"RouteVarName":"Lượt đi: Công viên 23/9 - An Sương","RouteVarShortName":"Bến Xe An Sương","RouteNo":"04","StartStop":"Bến xe buýt Sài Gòn","EndStop":"Bến xe An Sương","Distance":16897.0,"Outbound":true,"RunningTime":65},{"RouteId":4,"RouteVarId":8,"RouteVarName":"Lượt về: An Sương - Công viên 23/9","RouteVarShortName":"Bến Thành","RouteNo":"04","StartStop":"Bến xe An Sương","EndStop":"Bến xe buýt Sài Gòn","Distance":15480.999999999996,"Outbound":false,"RunningTime":65}]
[{"RouteId":6,"RouteVarId":1,"RouteVarName":"Lượt đi: Bến xe Chợ Lớn - Đại học Nông Lâm","RouteVarShortName":"Đại học Nông Lâm","RouteNo":"06","StartStop":"Bến xe Chợ Lớn","EndStop":"Đại học Nông Lâm","Distance":27023.000000000004,"Outbound":true,"RunningTime":80},{"RouteId":6,"RouteVarId":2,"RouteVarName":"Lượt về: Đại học Nông Lâm - Bến xe Chợ Lớn","RouteVarShortName":"Bến Xe Buýt Chợ Lớn","RouteNo":"06","StartStop":"Đại học Nông Lâm","EndStop":"Bến xe Chợ Lớn","Distance":26876.999999999996,"Outbound":false,"RunningTime":80}]
[{"RouteId":5,"RouteVarId":1,"RouteVarName":"Lượt đi: BX Biên Hòa - BX Chợ Lớn","RouteVarShortName":"Bến Xe buýt Chợ Lớn","RouteNo":"05","StartStop":"Bến xe Biên Hòa","EndStop":"Bến xe Chợ Lớn","Distance":35165.999999999978,"Outbound":false,"RunningTime":100},{"RouteId":5,"RouteVarId":2,"RouteVarName":"Lượt về: BX Chợ Lớn - BX Biên Hòa","RouteVarShortName":"Bến xe Biên Hòa","RouteNo":"05","StartStop":"Bến xe Chợ Lớn","EndStop":"Bến xe Biên Hòa","Distance":35566.000000000015,"Outbound":true,"RunningTime":100}]
[{"RouteId":8,"RouteVarId":15,"RouteVarName":"Lượt đi: Bến xe Quận 8 - Đại học Quốc Gia","RouteVarShortName":"Đại học Quốc Gia","RouteNo":"08","StartStop":"Bến xe buýt Quận 8","EndStop":"Đại học Quốc gia","Distance":31772.000000000004,"Outbound":true,"RunningTime":90},{"RouteId":8,"RouteVarId":16,"RouteVarName":"Lượt về: Đại học Quốc Gia - Bến xe Quận 8","RouteVarShortName":"Bến Xe Buýt Quận 8","RouteNo":"08","StartStop":"Đại học Quốc gia","EndStop":"Bến xe buýt Quận 8","Distance":31940.000000000004,"Outbound":false,"RunningTime":90}]
[{"RouteId":9,"RouteVarId":1,"RouteVarName":"Lượt đi: Bến xe Chợ Lớn - Hưng Long","RouteVarShortName":"Hưng Long","RouteNo":"09","StartStop":"Bến xe Chợ Lớn","EndStop":"Hưng Long","Distance":26254.0,"Outbound":true,"RunningTime":70},{"RouteId":9,"RouteVarId":2,"RouteVarName":"Lượt về: Hưng Long - Bến xe Chợ Lớn","RouteVarShortName":"Bến Xe Buýt Chợ Lớn","RouteNo":"09","StartStop":"Hưng Long","EndStop":"Bến xe Chợ Lớn","Distance":25600.000000000004,"Outbound":false,"RunningTime":70}]
[{"RouteId":10,"RouteVarId":19,"RouteVarName":"Lượt đi: Đại học Quốc gia - Bến xe Miền Tây","RouteVarShortName":"Bến xe Miền Tây","RouteNo":"10","StartStop":"Đại học Quốc gia","EndStop":"Bến xe Miền Tây","Distance":30345.999999999993,"Outbound":true,"RunningTime":80},{"RouteId":10,"RouteVarId":20,"RouteVarName":"Lượt về: Bến xe Miền Tây - Đại học Quốc gia","RouteVarShortName":"Đại học Quốc Gia","RouteNo":"10","StartStop":"Bến xe Miền Tây","EndStop":"Đại học Quốc gia","Distance":30411.0,"Outbound":false,"RunningTime":80}]
[{"RouteId":11,"RouteVarId":1,"RouteVarName":"Lượt đi: Bến xe Củ Chi - Cầu Tân Thái","RouteVarShortName":"Cầu Tân Thái","RouteNo":"100","StartStop":"Bến xe Củ Chi","EndStop":"Cầu Tân Thái","Distance":16426.000000000004,"Outbound":true,"RunningTime":35},{"RouteId":11,"RouteVarId":2,"RouteVarName":"Lượt về: Cầu Tân Thái - Bến xe Củ Chi","RouteVarShortName":"Bến Xe Củ Chi","RouteNo":"100","StartStop":"Cầu Tân Thái","EndStop":"Bến xe Củ Chi","Distance":17247.0,"Outbound":false,"RunningTime":35}]
[{"RouteId":13,"RouteVarId":25,"RouteVarName":"Lượt đi: Bến Thành - Bến xe Miền Tây","RouteVarShortName":"Bến xe Miền Tây","RouteNo":"102","StartStop":"Bến xe buýt Sài Gòn","EndStop":"Bến xe Miền Tây","Distance":32727.000000000004,"Outbound":true,"RunningTime":80},{"RouteId":13,"RouteVarId":26,"RouteVarName":"Lượt về: Bến xe Miền Tây -  Bến Thành","RouteVarShortName":"Bến Xe Buýt Sài Gòn","RouteNo":"102","StartStop":"Bến xe Miền Tây","EndStop":"Bến xe buýt Sài Gòn","Distance":33369.999999999993,"Outbound":false,"RunningTime":80}]
[{"RouteId":12,"RouteVarId":1,"RouteVarName":"Lượt đi: Bến xe Chợ Lớn - Tân Nhựt","RouteVarShortName":"Chợ Tân Nhựt","RouteNo":"101","StartStop":"Bến xe buýt Chợ Lớn - B","EndStop":"Tân Nhựt","Distance":19377.0,"Outbound":true,"RunningTime":55},{"RouteId":12,"RouteVarId":2,"RouteVarName":"Lượt về: Tân Nhựt - Bến xe Chợ Lớn","RouteVarShortName":"Bến Xe Buýt Chợ Lớn","RouteNo":"101","StartStop":"Tân Nhựt","EndStop":"Bến xe buýt Chợ Lớn - B","Distance":19522.000000000004,"Outbound":false,"RunningTime":55}]
[{"RouteId":14,"RouteVarId":1,"RouteVarName":"Lượt đi: Bến xe buýt Chợ Lớn A - Bến xe Ngã tư Ga","RouteVarShortName":"Bến xe Ngã 4 Ga","RouteNo":"103","StartStop":"Bến xe buýt Chợ Lớn - A","EndStop":"Bến xe Ngã tư Ga","Distance":25371.000000000011,"Outbound":true,"RunningTime":75},{"RouteId":14,"RouteVarId":2,"RouteVarName":"Lượt về: Bến xe Ngã tư Ga - Bến xe buýt Chợ Lớn A","RouteVarShortName":"Bến Xe Buýt Chợ Lớn","RouteNo":"103","StartStop":"Bến xe Ngã tư Ga","EndStop":"Bến xe buýt Chợ Lớn - A","Distance":22386.0,"Outbound":false,"RunningTime":75}]
[{"RouteId":15,"RouteVarId":29,"RouteVarName":"Lượt đi: Bến xe An Sương - Đại học Nông Lâm","RouteVarShortName":"Đại học Nông Lâm","RouteNo":"104","StartStop":"Bến xe An Sương","EndStop":"Đại học Nông Lâm","Distance":30180.000000000007,"Outbound":true,"RunningTime":75},{"RouteId":15,"RouteVarId":30,"RouteVarName":"Lượt về: Đại học Nông Lâm - Bến xe An Sương","RouteVarShortName":"Bến xe An Sương","RouteNo":"104","StartStop":"Đại học Nông Lâm","EndStop":"Bến xe An Sương","Distance":30845.0,"Outbound":false,"RunningTime":75}]
[{"RouteId":16,"RouteVarId":31,"RouteVarName":"Lượt đi: Bến xe Củ Chi - Bố Heo","RouteVarShortName":"Bố Heo","RouteNo":"107","StartStop":"Bến xe Củ Chi","EndStop":"Bố Heo","Distance":16228.999999999998,"Outbound":true,"RunningTime":30},{"RouteId":16,"RouteVarId":32,"RouteVarName":"Lượt về: Bố Heo - Bến xe Củ Chi","RouteVarShortName":"Bến xe Củ Chi","RouteNo":"107","StartStop":"Bố Heo","EndStop":"Bến xe Củ Chi","Distance":16914.0,"Outbound":false,"RunningTime":30}]
[{"RouteId":199,"RouteVarId":1,"RouteVarName":"Lượt đi: Bến xe buýt Sài Gòn - Sân bay Tân Sơn Nhất","RouteVarShortName":"Sân bay Tân Sơn Nhất","RouteNo":"109","StartStop":"Bến xe buýt Sài Gòn","EndStop":"Sân bay Tân Sơn Nhất","Distance":9224.0000000000055,"Outbound":true,"RunningTime":45},{"RouteId":199,"RouteVarId":2,"RouteVarName":"Lượt về: Sân bay Tân Sơn Nhất - Bến xe buýt Sài Gòn","RouteVarShortName":"Bến Xe Buýt Sài Gòn","RouteNo":"109","StartStop":"Sân bay Tân Sơn Nhất","EndStop":"Bến xe buýt Sài Gòn","Distance":9134.9999999999982,"Outbound":false,"RunningTime":45}]
[{"RouteId":18,"RouteVarId":1,"RouteVarName":"Lượt đi: Hiệp Phước - Phước Lộc","RouteVarShortName":"Phước Lộc","RouteNo":"110","StartStop":"Hiệp Phước","EndStop":"Phước Lộc","Distance":22830.000000000007,"Outbound":true,"RunningTime":65},{"RouteId":18,"RouteVarId":2,"RouteVarName":"Lượt về: Phước Lộc - Hiệp Phước","RouteVarShortName":"Hiệp Phước","RouteNo":"110","StartStop":"Phước Lộc","EndStop":"Hiệp Phước","Distance":23129.0,"Outbound":false,"RunningTime":65}]
[{"RouteId":198,"RouteVarId":1,"RouteVarName":"TĐH xe buýt Sài Gòn - TĐH xe buýt Sài Gòn","RouteVarShortName":"TĐH xe buýt Sài Gòn - TĐH xe buýt Sài Gòn","RouteNo":"120","StartStop":"Bến xe buýt Sài Gòn","EndStop":"Bến xe buýt Sài Gòn","Distance":11825.000000000002,"Outbound":true,"RunningTime":55}]
[{"RouteId":20,"RouteVarId":39,"RouteVarName":"Lượt đi: Bến xe An Sương - Tân Quy","RouteVarShortName":"Tân Quy","RouteNo":"122","StartStop":"Bến xe An Sương","EndStop":"Bến xe buýt Tân Quy","Distance":19418.0,"Outbound":true,"RunningTime":50},{"RouteId":20,"RouteVarId":40,"RouteVarName":"Lượt về: Tân Quy - Bến xe An Sương","RouteVarShortName":"Bến xe An Sương","RouteNo":"122","StartStop":"Bến xe buýt Tân Quy","EndStop":"Bến xe An Sương","Distance":18655.999999999996,"Outbound":false,"RunningTime":50}]
[{"RouteId":21,"RouteVarId":41,"RouteVarName":"Phú Mỹ Hưng (khi H) - Quận 1","RouteVarShortName":"Quận 1","RouteNo":"123","StartStop":"Trường Nam Sài Gòn","EndStop":"Hồ Huấn Nghiệp","Distance":8285.0,"Outbound":true,"RunningTime":29},{"RouteId":21,"RouteVarId":42,"RouteVarName":"Quận 1 - Phú Mỹ Hưng (khi H)","RouteVarShortName":"Phú Mỹ Hưng (khi H)","RouteNo":"123","StartStop":"Hồ Huấn Nghiệp","EndStop":"Trường Nam Sài Gòn","Distance":8762.0,"Outbound":false,"RunningTime":29}]
[{"RouteId":22,"RouteVarId":43,"RouteVarName":"Phú Mỹ Hưng (khu S) - Quận 1","RouteVarShortName":"Quận 1","RouteNo":"124","StartStop":"Mỹ Thái 2","EndStop":"Hồ Huấn Nghiệp","Distance":10738.0,"Outbound":true,"RunningTime":44},{"RouteId":22,"RouteVarId":44,"RouteVarName":"Quận 1 - Phú Mỹ Hưng (khu S)","RouteVarShortName":"Phú Mỹ Hưng (khu S)","RouteNo":"124","StartStop":"Hồ Huấn Nghiệp","EndStop":"Mỹ Thái 2","Distance":11424.0,"Outbound":false,"RunningTime":44}]
[{"RouteId":23,"RouteVarId":45,"RouteVarName":"Lượt đi: Bến xe Củ Chi - Bình Mỹ","RouteVarShortName":"Bình Mỹ","RouteNo":"126","StartStop":"Bến xe Củ Chi","EndStop":"Bến xe Bình Mỹ","Distance":20311.999999999996,"Outbound":true,"RunningTime":40},{"RouteId":23,"RouteVarId":46,"RouteVarName":"Lượt về: Bình Mỹ - Bến xe Củ Chi","RouteVarShortName":"Bến xe Củ Chi","RouteNo":"126","StartStop":"Bến xe Bình Mỹ","EndStop":"Bến xe Củ Chi","Distance":19567.000000000015,"Outbound":false,"RunningTime":40}]
[{"RouteId":178,"RouteVarId":1,"RouteVarName":"Lượt đi: An Thới Đông - Bà Xán","RouteVarShortName":"Ngã ba Bà Xán","RouteNo":"127","StartStop":"An Thới Đông","EndStop":"Bà Xán","Distance":18045.999999999993,"Outbound":true,"RunningTime":40},{"RouteId":178,"RouteVarId":2,"RouteVarName":"Lượt về: Bà Xán - An Thới Đông","RouteVarShortName":"An Thới Đông","RouteNo":"127","StartStop":"Bà Xán","EndStop":"An Thới Đông","Distance":17975.999999999993,"Outbound":false,"RunningTime":40}]
[{"RouteId":179,"RouteVarId":1,"RouteVarName":"Lượt đi: Tân Điền - An Nghĩa","RouteVarShortName":"An Nghĩa","RouteNo":"128","StartStop":"Tân Điền","EndStop":"An Nghĩa","Distance":24688.0,"Outbound":true,"RunningTime":50},{"RouteId":179,"RouteVarId":2,"RouteVarName":"Lượt về: An Nghĩa - Tân Điền","RouteVarShortName":"Tân Điền","RouteNo":"128","StartStop":"An Nghĩa","EndStop":"Tân Điền","Distance":24992.0,"Outbound":false,"RunningTime":50}]
[{"RouteId":24,"RouteVarId":47,"RouteVarName":"Lượt đi: Bến xe buýt Sài Gòn - Bến xe Củ Chi","RouteVarShortName":"Bến xe Củ Chi","RouteNo":"13","StartStop":"Bến xe buýt Sài Gòn","EndStop":"Bến xe Củ Chi","Distance":36607.999999999993,"Outbound":true,"RunningTime":80},{"RouteId":24,"RouteVarId":48,"RouteVarName":"Lượt về: Bến xe Củ Chi - Bến xe buýt Sài Gòn","RouteVarShortName":"Bến Xe Buýt Sài Gòn","RouteNo":"13","StartStop":"Bến xe Củ Chi","EndStop":"Bến xe buýt Sài Gòn","Distance":35276.000000000007,"Outbound":false,"RunningTime":80}]
[{"RouteId":25,"RouteVarId":1,"RouteVarName":"Lượt đi: Bến xe Miền Tây - Phú Xuân","RouteVarShortName":"Khu Tái Định Cư Phú Mỹ","RouteNo":"139","StartStop":"Bến xe Miền Tây","EndStop":"Phú Xuân","Distance":21878.000000000004,"Outbound":true,"RunningTime":70},{"RouteId":25,"RouteVarId":2,"RouteVarName":"Lượt về: Phú Xuân - Bến xe Miền Tây","RouteVarShortName":"Bến xe Miền Tây","RouteNo":"139","StartStop":"Phú Xuân","EndStop":"Bến xe Miền Tây","Distance":21907.000000000007,"Outbound":false,"RunningTime":70}]
[{"RouteId":26,"RouteVarId":1,"RouteVarName":"Lượt đi: Bến xe Miền Đông - Bến xe Miền Tây","RouteVarShortName":"Bến xe Miền Tây","RouteNo":"14","StartStop":"Bến xe Miền Đông","EndStop":"Bến xe Miền Tây","Distance":16160.999999999995,"Outbound":true,"RunningTime":60},{"RouteId":26,"RouteVarId":2,"RouteVarName":"Lượt về: Bến xe Miền Tây - Bến xe Miền Đông","RouteVarShortName":"Bến xe Miền Đông","RouteNo":"14","StartStop":"Bến xe Miền Tây","EndStop":"Bến xe Miền Đông","Distance":16058.000000000002,"Outbound":false,"RunningTime":60}]
[{"RouteId":27,"RouteVarId":53,"RouteVarName":"Lượt đi: Công viên 23/9 - Phạm Thế Hiển - Khu Dân Cư Phú Lợi","RouteVarShortName":"Khu Dân Cư Phú Lợi","RouteNo":"140","StartStop":"Bến xe buýt Sài Gòn","EndStop":"Ba Tơ","Distance":18468.999999999989,"Outbound":true,"RunningTime":60},{"RouteId":27,"RouteVarId":54,"RouteVarName":"Lượt về: Khu Dân Cư Phú Lợi - Phạm Thế Hiển - Công viên 23/9","RouteVarShortName":"Bến Xe Buýt Sài Gòn","RouteNo":"140","StartStop":"Ba Tơ","EndStop":"Bến xe buýt Sài Gòn","Distance":18885.0,"Outbound":false,"RunningTime":60}]
[{"RouteId":28,"RouteVarId":55,"RouteVarName":"Lượt đi: KDL BCR - KCX Linh Trung","RouteVarShortName":"Khu chế xuất Linh Trung II","RouteNo":"141","StartStop":"KDL BCR","EndStop":"Bến xe buýt Khu chế xuất Linh Trung 2","Distance":21183.000000000015,"Outbound":true,"RunningTime":65},{"RouteId":28,"RouteVarId":56,"RouteVarName":"Lượt về: KCX Linh Trung - KDL BCR","RouteVarShortName":"Khu du lịch BCR","RouteNo":"141","StartStop":"Bến xe buýt Khu chế xuất Linh Trung 2","EndStop":"KDL BCR","Distance":21238.0,"Outbound":false,"RunningTime":65}]
[{"RouteId":30,"RouteVarId":59,"RouteVarName":"Lượt đi: Bến xe Chợ Lớn - Chợ Hiệp Thành","RouteVarShortName":"Chợ Hiệp Thành","RouteNo":"145","StartStop":"Bến xe buýt Chợ Lớn - B","EndStop":"Bến xe buýt Hiệp Thành","Distance":22906.000000000007,"Outbound":true,"RunningTime":70},{"RouteId":30,"RouteVarId":60,"RouteVarName":"Lượt về: Chợ Hiệp Thành - Bến xe Chợ Lớn","RouteVarShortName":"Bến Xe Buýt Chợ Lớn","RouteNo":"145","StartStop":"Bến xe buýt Hiệp Thành","EndStop":"Bến xe buýt Chợ Lớn - B","Distance":23432.999999999993,"Outbound":false,"RunningTime":70}]
[{"RouteId":31,"RouteVarId":63,"RouteVarName":"Lượt đi: Bến xe Miền Đông - Bến xe buýt Hiệp Thành","RouteVarShortName":"Chợ Hiệp Thành","RouteNo":"146","StartStop":"Bến xe Miền Đông","EndStop":"Bến xe buýt Hiệp Thành","Distance":19421.000000000004,"Outbound":true,"RunningTime":65},{"RouteId":31,"RouteVarId":64,"RouteVarName":"Lượt về: Bến xe buýt Hiệp Thành - Bến xe Miền Đông","RouteVarShortName":"Bến Xe Miền Đông","RouteNo":"146","StartStop":"Bến xe buýt Hiệp Thành","EndStop":"Bến xe Miền Đông","Distance":20090.0,"Outbound":false,"RunningTime":65}]
[{"RouteId":32,"RouteVarId":1,"RouteVarName":"Lượt đi: Bến xe Miền Tây - BÃI HẬU CẦN SỐ 1","RouteVarShortName":"Gò Vấp","RouteNo":"148","StartStop":"Bến xe Miền Tây","EndStop":"BÃI HẬU CẦN SỐ 1","Distance":15924.0,"Outbound":true,"RunningTime":62},{"RouteId":32,"RouteVarId":2,"RouteVarName":"Lượt về: BÃI HẬU CẦN SỐ 1 - Bến xe Miền Tây","RouteVarShortName":"Bến xe Miền Tây","RouteNo":"148","StartStop":"BÃI HẬU CẦN SỐ 1","EndStop":"Bến xe Miền Tây","Distance":18062.000000000004,"Outbound":false,"RunningTime":62}]
[{"RouteId":34,"RouteVarId":67,"RouteVarName":"Lượt đi: Đường 44 - BÃI XE BUÝT ĐẦM SEN","RouteVarShortName":"Đầm Sen","RouteNo":"15","StartStop":"Đường 44","EndStop":"Bến xe buýt Đầm Sen","Distance":17134.0,"Outbound":true,"RunningTime":55},{"RouteId":34,"RouteVarId":68,"RouteVarName":"Lượt về: Bến xe buýt Đầm Sen - Bến Phú Định","RouteVarShortName":"Chợ Phú Định","RouteNo":"15","StartStop":"Bến xe buýt Đầm Sen","EndStop":"Đường 44","Distance":17992.0,"Outbound":false,"RunningTime":55}]
[{"RouteId":35,"RouteVarId":69,"RouteVarName":"Lượt đi: Bến xe Chợ Lớn - Ngã 3 Tân Vạn","RouteVarShortName":"Ngã 3 Tân Vạn","RouteNo":"150","StartStop":"Bến xe Chợ Lớn","EndStop":"Tân Vạn","Distance":35094.0,"Outbound":true,"RunningTime":80},{"RouteId":35,"RouteVarId":70,"RouteVarName":"Lượt về: Ngã 3 Tân Vạn - Bến xe Chợ Lớn","RouteVarShortName":"Bến xe buýt Chợ Lớn","RouteNo":"150","StartStop":"Tân Vạn","EndStop":"Bến xe Chợ Lớn","Distance":28835.0,"Outbound":false,"RunningTime":80}]
[{"RouteId":36,"RouteVarId":1,"RouteVarName":"Lượt đi: Bến xe Miền Tây - Bến xe An Sương","RouteVarShortName":"Bến xe An Sương","RouteNo":"151","StartStop":"Bến xe Miền Tây","EndStop":"Bến xe An Sương","Distance":18162.0,"Outbound":true,"RunningTime":50},{"RouteId":36,"RouteVarId":2,"RouteVarName":"Lượt về: Bến xe An Sương - Bến xe Miền Tây","RouteVarShortName":"Bến xe Miền Tây","RouteNo":"151","StartStop":"Bến xe An Sương","EndStop":"Bến xe Miền Tây","Distance":16854.0,"Outbound":false,"RunningTime":50}]
[{"RouteId":37,"RouteVarId":73,"RouteVarName":"Lượt đi: Khu dân cư Trung Sơn - Bến Thành - Sân bay Tân Sơn Nhất","RouteVarShortName":"Sân bay Tân Sơn Nhất","RouteNo":"152","StartStop":"Khu dân cư Trung Sơn","EndStop":"Sân bay Tân Sơn Nhất","Distance":13841.000000000004,"Outbound":true,"RunningTime":55},{"RouteId":37,"RouteVarId":74,"RouteVarName":"Lượt về: Sân bay Tân Sơn Nhất - Bến Thành - Khu dân cư Trung Sơn","RouteVarShortName":"Khu dân cư Trung Sơn","RouteNo":"152","StartStop":"Sân bay Tân Sơn Nhất","EndStop":"Khu dân cư Trung Sơn","Distance":13454.999999999998,"Outbound":false,"RunningTime":55}]
[{"RouteId":38,"RouteVarId":77,"RouteVarName":"Lượt đi: Bến xe Chợ Lớn - Bến xe Tân Phú","RouteVarShortName":"Bến xe buýt Tân Phú","RouteNo":"16","StartStop":"Bến xe buýt Chợ Lớn - B","EndStop":"Bến xe buýt Tân Phú","Distance":16860.0,"Outbound":true,"RunningTime":55},{"RouteId":38,"RouteVarId":78,"RouteVarName":"Lượt về: Bến xe Tân Phú - Bến xe Chợ Lớn","RouteVarShortName":"Bến xe buýt Chợ Lớn","RouteNo":"16","StartStop":"Bến xe buýt Tân Phú","EndStop":"Bến xe buýt Chợ Lớn - B","Distance":17621.999999999993,"Outbound":false,"RunningTime":55}]
[{"RouteId":40,"RouteVarId":79,"RouteVarName":"Lượt đi: Bến Thành - Hiệp Thành","RouteVarShortName":"Chợ Hiệp Thành","RouteNo":"18","StartStop":"Bến xe buýt Sài Gòn","EndStop":"Bến xe buýt Hiệp Thành","Distance":22903.000000000011,"Outbound":true,"RunningTime":75},{"RouteId":40,"RouteVarId":80,"RouteVarName":"Lượt về: Hiệp Thành - Bến Thành","RouteVarShortName":"Bến Thành","RouteNo":"18","StartStop":"Bến xe buýt Hiệp Thành","EndStop":"Bến xe buýt Sài Gòn","Distance":22646.0,"Outbound":false,"RunningTime":75}]
[{"RouteId":41,"RouteVarId":81,"RouteVarName":"Lượt đi: Bến xe buýt Sài Gòn - Đại học Quốc gia","RouteVarShortName":"Đại Học Quốc Gia","RouteNo":"19","StartStop":"Bến xe buýt Sài Gòn","EndStop":"Đại học Quốc gia","Distance":27836.000000000004,"Outbound":true,"RunningTime":80},{"RouteId":41,"RouteVarId":82,"RouteVarName":"Lượt về: Đại học Quốc gia - Bến xe buýt Sài Gòn","RouteVarShortName":"Bến Thành","RouteNo":"19","StartStop":"Đại học Quốc gia","EndStop":"Bến xe buýt Sài Gòn","Distance":27413.000000000007,"Outbound":false,"RunningTime":80}]
[{"RouteId":42,"RouteVarId":83,"RouteVarName":"Lượt đi: Bến xe buýt Sài Gòn - Bình Khánh","RouteVarShortName":"Nhà Bè","RouteNo":"20","StartStop":"Bến xe buýt Sài Gòn","EndStop":"Bến xe buýt Bình Khánh","Distance":16878.999999999996,"Outbound":true,"RunningTime":50},{"RouteId":42,"RouteVarId":84,"RouteVarName":"Lượt về: Bình Khánh - Bến xe buýt Sài Gòn","RouteVarShortName":"Bến Thành","RouteNo":"20","StartStop":"Bến xe buýt Bình Khánh","EndStop":"Bến xe buýt Sài Gòn","Distance":17368.0,"Outbound":false,"RunningTime":50}]
[{"RouteId":43,"RouteVarId":85,"RouteVarName":"Lượt đi: Bến Xe Quận 8 - KCN Lê Minh Xuân","RouteVarShortName":"Khu công nghiệp Lê Minh Xuân","RouteNo":"22","StartStop":"Bến xe buýt Quận 8","EndStop":"KCN LÊ MINH XUÂN","Distance":23025.0,"Outbound":true,"RunningTime":65},{"RouteId":43,"RouteVarId":86,"RouteVarName":"Lượt về: KCN Lê Minh Xuân - Bến Xe Quận 8","RouteVarShortName":"Bến Xe buýt Quận 8","RouteNo":"22","StartStop":"KCN LÊ MINH XUÂN","EndStop":"Bến xe buýt Quận 8","Distance":24706.0,"Outbound":false,"RunningTime":65}]
[{"RouteId":44,"RouteVarId":87,"RouteVarName":"Lượt đi: Bến xe buýt Chợ Lớn B -  Bến xe buýt Cầu Lớn","RouteVarShortName":"Cầu Lớn","RouteNo":"23","StartStop":"Bến xe buýt Chợ Lớn - B","EndStop":"Bến xe buýt Cầu Lớn","Distance":23236.0,"Outbound":true,"RunningTime":75},{"RouteId":44,"RouteVarId":88,"RouteVarName":"Lượt về: Bến xe buýt Cầu Lớn - Bến xe buýt Chợ Lớn - B","RouteVarShortName":"Bến xe buýt Chợ Lớn","RouteNo":"23","StartStop":"Bến xe buýt Cầu Lớn","EndStop":"Bến xe buýt Chợ Lớn - B","Distance":23190.999999999996,"Outbound":false,"RunningTime":75}]
[{"RouteId":45,"RouteVarId":89,"RouteVarName":"Lượt đi: Bến xe Miền Đông - Bãi xe buýt 19/5","RouteVarShortName":"Hóc Môn","RouteNo":"24","StartStop":"Bến xe Miền Đông","EndStop":"Bãi xe buýt 19/5","Distance":26288.0,"Outbound":true,"RunningTime":75},{"RouteId":45,"RouteVarId":90,"RouteVarName":"Lượt về: Bãi xe buýt 19/5 - Bến xe Miền Đông","RouteVarShortName":"Bến Xe Miền Đông","RouteNo":"24","StartStop":"Bãi xe buýt 19/5","EndStop":"Bến xe Miền Đông","Distance":26509.999999999989,"Outbound":false,"RunningTime":75}]
[{"RouteId":46,"RouteVarId":91,"RouteVarName":"Lượt đi: Bến xe Quận 8 - KDC VĨNH LỘC A","RouteVarShortName":"Khu dân cư Vĩnh Lộc A","RouteNo":"25","StartStop":"Bến xe buýt Quận 8","EndStop":"KDC VĨNH LỘC A","Distance":22120.999999999996,"Outbound":true,"RunningTime":60},{"RouteId":46,"RouteVarId":92,"RouteVarName":"Lượt về: KDC VĨNH LỘC A - Bến xe Quận 8","RouteVarShortName":"Bến Xe buýt Quận 8","RouteNo":"25","StartStop":"KDC VĨNH LỘC A","EndStop":"Bến xe buýt Quận 8","Distance":22140.999999999993,"Outbound":false,"RunningTime":60}]
[{"RouteId":48,"RouteVarId":95,"RouteVarName":"Lượt đi: Bến xe buýt Sài Gòn - Bến xe An Sương","RouteVarShortName":"Bến xe An Sương","RouteNo":"27","StartStop":"Bến xe buýt Sài Gòn","EndStop":"Bến xe An Sương","Distance":16070.0,"Outbound":true,"RunningTime":65},{"RouteId":48,"RouteVarId":96,"RouteVarName":"Lượt về: Bến xe An Sương - Bến xe buýt Sài Gòn","RouteVarShortName":"Bến xe buýt Sài Gòn","RouteNo":"27","StartStop":"Bến xe An Sương","EndStop":"Bến xe buýt Sài Gòn","Distance":15146.0,"Outbound":false,"RunningTime":65}]
[{"RouteId":49,"RouteVarId":99,"RouteVarName":"Lượt về: Chợ Xuân Thới Thượng - Bến Thành (tạm điều chỉnh)","RouteVarShortName":"Bến xe buýt Sài Gòn","RouteNo":"28","StartStop":"Xuân Thới Thượng","EndStop":"Bến xe buýt Sài Gòn","Distance":25517.999999999996,"Outbound":false,"RunningTime":90},{"RouteId":49,"RouteVarId":100,"RouteVarName":"Lượt đi: Bến Thành - Chợ Xuân Thới Thượng (tạm điều chỉnh)","RouteVarShortName":"Chợ Xuân Thới Thượng","RouteNo":"28","StartStop":"Bến xe buýt Sài Gòn","EndStop":"Xuân Thới Thượng","Distance":26311.0,"Outbound":true,"RunningTime":90}]
[{"RouteId":50,"RouteVarId":99,"RouteVarName":"Lượt đi: Bến Phà Cát Lái - Chợ Nông Sản Thủ Đức","RouteVarShortName":"Chợ nông sản Thủ Đức","RouteNo":"29","StartStop":"Cát Lái","EndStop":"Chợ nông sản Thủ Đức","Distance":20260.000000000004,"Outbound":true,"RunningTime":70},{"RouteId":50,"RouteVarId":100,"RouteVarName":"Lượt về: Chợ Nông Sản Thủ Đức - Bến Phà Cát Lái","RouteVarShortName":"Phà Cát Lái","RouteNo":"29","StartStop":"Chợ nông sản Thủ Đức","EndStop":"Cát Lái","Distance":21702.0,"Outbound":false,"RunningTime":70}]
[{"RouteId":51,"RouteVarId":2,"RouteVarName":"Lượt về: ĐH Quốc tế - Tân Hương","RouteVarShortName":"Chợ Tân Hương","RouteNo":"30","StartStop":"Đường nội bộ Đại học Quốc gia","EndStop":"Cư xá Nhiêu Lộc","Distance":33671.000000000007,"Outbound":false,"RunningTime":95},{"RouteId":51,"RouteVarId":3,"RouteVarName":"Lượt đi: Tân Hương - ĐH Quốc Tế","RouteVarShortName":"Đại học Quốc tế","RouteNo":"30","StartStop":"Cư xá Nhiêu Lộc","EndStop":"Đường nội bộ Đại học Quốc gia","Distance":32125.0,"Outbound":true,"RunningTime":95}]
[{"RouteId":52,"RouteVarId":1,"RouteVarName":"Lượt đi: Đại học Tôn Đức Thắng - Đại học Văn Lang","RouteVarShortName":"Đại Học Văn Lang","RouteNo":"31","StartStop":"Đại học Tôn Đức Thắng","EndStop":"Công viên Đặng Thùy Trâm","Distance":22459.0,"Outbound":true,"RunningTime":80},{"RouteId":52,"RouteVarId":2,"RouteVarName":"Lượt về: Đại học Văn Lang - Đại học Tôn Đức Thắng","RouteVarShortName":"Đại Học Tôn Đức Thắng","RouteNo":"31","StartStop":"Công viên Đặng Thùy Trâm","EndStop":"Đại học Tôn Đức Thắng","Distance":21339.0,"Outbound":false,"RunningTime":80}]
[{"RouteId":53,"RouteVarId":105,"RouteVarName":"Lượt đi: Bến xe Miền Tây - Bến xe Ngã tư Ga","RouteVarShortName":"Bến Xe Ngã Tư Ga","RouteNo":"32","StartStop":"Bến xe Miền Tây","EndStop":"Bến xe Ngã tư Ga","Distance":25122.0,"Outbound":true,"RunningTime":80},{"RouteId":53,"RouteVarId":106,"RouteVarName":"Lượt về: Bến xe Ngã tư Ga - Bến xe Miền Tây","RouteVarShortName":"Bến Xe Miền Tây","RouteNo":"32","StartStop":"Bến xe Ngã tư Ga","EndStop":"Bến xe Miền Tây","Distance":25890.0,"Outbound":false,"RunningTime":80}]
[{"RouteId":54,"RouteVarId":1,"RouteVarName":"Lượt đi: Bến xe An Sương - Bến Xe Buýt ÐH Quốc Gia","RouteVarShortName":"Đại học Quốc Gia","RouteNo":"33","StartStop":"Bến xe An Sương","EndStop":"Bến Xe Buýt ÐH Quốc Gia","Distance":29487.000000000004,"Outbound":true,"RunningTime":55},{"RouteId":54,"RouteVarId":2,"RouteVarName":"Lượt về: Bến Xe Buýt ÐH Quốc Gia - Bến xe An Sương","RouteVarShortName":"Bến Xe An Sương","RouteNo":"33","StartStop":"Bến Xe Buýt ÐH Quốc Gia","EndStop":"Bến xe An Sương","Distance":28709.0,"Outbound":false,"RunningTime":55}]
[{"RouteId":55,"RouteVarId":1,"RouteVarName":"Lượt đi: Bến xe buýt Sài Gòn - Bến xe buýt Quận 8","RouteVarShortName":"Bến xe buýt Quận 8","RouteNo":"34","StartStop":"Bến xe buýt Sài Gòn","EndStop":"Bến xe buýt Quận 8","Distance":19763.0,"Outbound":true,"RunningTime":60},{"RouteId":55,"RouteVarId":2,"RouteVarName":"Lượt về: Bến xe buýt Quận 8 - Bến xe buýt Sài Gòn","RouteVarShortName":"Bến xe buýt Sài Gòn","RouteNo":"34","StartStop":"Bến xe buýt Quận 8","EndStop":"Bến xe buýt Sài Gòn","Distance":21531.000000000007,"Outbound":false,"RunningTime":60}]
[{"RouteId":57,"RouteVarId":113,"RouteVarName":"Lượt đi: Bến xe buýt Sài Gòn - Bến xe buýt Thới An","RouteVarShortName":"Thới An","RouteNo":"36","StartStop":"Bến xe buýt Sài Gòn","EndStop":"Bến xe buýt Thới An","Distance":19419.999999999996,"Outbound":true,"RunningTime":70},{"RouteId":57,"RouteVarId":114,"RouteVarName":"Lượt về: Bến xe buýt Thới An - Bến xe buýt Sài Gòn","RouteVarShortName":"Bến Thành","RouteNo":"36","StartStop":"Bến xe buýt Thới An","EndStop":"Bến xe buýt Sài Gòn","Distance":18953.999999999985,"Outbound":false,"RunningTime":70}]
[{"RouteId":59,"RouteVarId":117,"RouteVarName":"Lượt đi: Đầu bến Tân Quy - Bến xe buýt Đầm Sen","RouteVarShortName":"Đầm Sen","RouteNo":"38","StartStop":"Đầu bến Tân Quy","EndStop":"Bến xe buýt Đầm Sen","Distance":16647.999999999996,"Outbound":true,"RunningTime":70},{"RouteId":59,"RouteVarId":118,"RouteVarName":"Lượt về: Bến xe buýt Đầm Sen - Đầu bến Tân Quy","RouteVarShortName":"Khu dân cư Tân Quy","RouteNo":"38","StartStop":"Bến xe buýt Đầm Sen","EndStop":"Đầu bến Tân Quy","Distance":16956.0,"Outbound":false,"RunningTime":70}]
[{"RouteId":60,"RouteVarId":3,"RouteVarName":"Lượt đi: Bến xe buýt Sài Gòn - Bến xe Miền Tây","RouteVarShortName":"Bến Xe Miền Tây","RouteNo":"39","StartStop":"Bến xe buýt Sài Gòn","EndStop":"Bến xe Miền Tây","Distance":17831.999999999996,"Outbound":true,"RunningTime":55},{"RouteId":60,"RouteVarId":4,"RouteVarName":"Lượt về: Bến xe Miền Tây - Bến xe buýt Sài Gòn","RouteVarShortName":"Bến Xe Buýt Sài Gòn","RouteNo":"39","StartStop":"Bến xe Miền Tây","EndStop":"Bến xe buýt Sài Gòn","Distance":18129.0,"Outbound":false,"RunningTime":55}]
[{"RouteId":62,"RouteVarId":123,"RouteVarName":"Lượt đi: Bến xe Miền Tây - Bến xe An Sương","RouteVarShortName":"Bến xe An Sương","RouteNo":"41","StartStop":"Bến xe Miền Tây","EndStop":"Bến xe An Sương","Distance":22416.0,"Outbound":true,"RunningTime":60},{"RouteId":62,"RouteVarId":124,"RouteVarName":"Lượt về: Bến xe An Sương - Bến xe Miền Tây","RouteVarShortName":"Bến xe Miền Tây","RouteNo":"41","StartStop":"Bến xe An Sương","EndStop":"Bến xe Miền Tây","Distance":21739.0,"Outbound":false,"RunningTime":60}]
[{"RouteId":64,"RouteVarId":127,"RouteVarName":"Lượt đi: Bến xe Miền Đông - Cát Lái","RouteVarShortName":"Phà Cát Lái","RouteNo":"43","StartStop":"Bến xe Miền Đông","EndStop":"Cát Lái","Distance":14397.0,"Outbound":true,"RunningTime":50},{"RouteId":64,"RouteVarId":128,"RouteVarName":"Lượt về: Cát Lái - Bến xe Miền Đông","RouteVarShortName":"Bến xe Miền Đông","RouteNo":"43","StartStop":"Cát Lái","EndStop":"Bến xe Miền Đông","Distance":16052.0,"Outbound":false,"RunningTime":50}]
[{"RouteId":65,"RouteVarId":129,"RouteVarName":"Lượt đi: Cảng Quận 4 - Bến đò Bình Quới","RouteVarShortName":"Bình Quới","RouteNo":"44","StartStop":"Bến xe buýt Kho Muối","EndStop":"Bến đò Bình Quới","Distance":15852.0,"Outbound":true,"RunningTime":60},{"RouteId":65,"RouteVarId":130,"RouteVarName":"Lượt về: Bến đò Bình Quới - Cảng Quận 4","RouteVarShortName":"Cảng Quận 4","RouteNo":"44","StartStop":"Bến đò Bình Quới","EndStop":"Bến xe buýt Kho Muối","Distance":16280.999999999998,"Outbound":false,"RunningTime":60}]
[{"RouteId":66,"RouteVarId":1,"RouteVarName":"Lượt đi: Đại học Kinh Tế - Bến xe Miền Đông","RouteVarShortName":"Bến xe Miền Đông","RouteNo":"45","StartStop":"Đại học Kinh Tế TP.HCM (Cơ sở Nguyễn Văn Linh)","EndStop":"Bến xe Miền Đông","Distance":22345.000000000004,"Outbound":true,"RunningTime":90},{"RouteId":66,"RouteVarId":2,"RouteVarName":"Lượt về: Bến xe Miền Đông - Đại học Kinh Tế","RouteVarShortName":"Bến xe buýt Quận 8","RouteNo":"45","StartStop":"Bến xe Miền Đông","EndStop":"Đại học Kinh Tế TP.HCM (Cơ sở Nguyễn Văn Linh)","Distance":23195.000000000011,"Outbound":false,"RunningTime":80}]
[{"RouteId":67,"RouteVarId":133,"RouteVarName":"Lượt đi: Bến xe buýt Kho Muối - Mễ Cốc","RouteVarShortName":"Bến Mễ Cốc","RouteNo":"46","StartStop":"Bến xe buýt Kho Muối","EndStop":"Mễ Cốc","Distance":16869.000000000004,"Outbound":true,"RunningTime":65},{"RouteId":67,"RouteVarId":134,"RouteVarName":"Lượt về: Mễ Cốc - Bến xe buýt Kho Muối","RouteVarShortName":"Công viên Tôn Thất Thuyết","RouteNo":"46","StartStop":"Mễ Cốc","EndStop":"Bến xe buýt Kho Muối","Distance":21719.0,"Outbound":false,"RunningTime":65}]
[{"RouteId":68,"RouteVarId":1,"RouteVarName":"Lượt đi: Bến xe Chợ Lớn - Hưng Long","RouteVarShortName":"Hưng Long","RouteNo":"47","StartStop":"Bến xe Chợ Lớn","EndStop":"Hưng Long","Distance":17132.999999999996,"Outbound":true,"RunningTime":50},{"RouteId":68,"RouteVarId":2,"RouteVarName":"Lượt về: Hưng Long - Bến xe Chợ Lớn","RouteVarShortName":"Bến xe buýt Chợ Lớn","RouteNo":"47","StartStop":"Hưng Long","EndStop":"Bến xe Chợ Lớn","Distance":17138.000000000004,"Outbound":false,"RunningTime":50}]
[{"RouteId":69,"RouteVarId":1,"RouteVarName":"Lượt đi: Bến xe Tân Phú - Hiệp Thành","RouteVarShortName":"Chợ Hiệp Thành","RouteNo":"48","StartStop":"Bến xe buýt Tân Phú","EndStop":"Bến xe buýt Hiệp Thành","Distance":21136.0,"Outbound":true,"RunningTime":55},{"RouteId":69,"RouteVarId":2,"RouteVarName":"Lượt về: Hiệp Thành - Bến xe Tân Phú","RouteVarShortName":"Bến xe buýt Tân Phú","RouteNo":"48","StartStop":"Bến xe buýt Hiệp Thành","EndStop":"Bến xe buýt Tân Phú","Distance":21698.000000000007,"Outbound":false,"RunningTime":55}]
[{"RouteId":70,"RouteVarId":1,"RouteVarName":"Lượt đi: ĐH Bách Khoa TP HCM - Đầu bến Đại học Bách Khoa - Cơ sở 2","RouteVarShortName":"Đại học Quốc gia","RouteNo":"50","StartStop":"ĐH BÁCH KHOA TP HCM","EndStop":"Đầu bến Đại học Bách Khoa - Cơ sở 2","Distance":28316.999999999996,"Outbound":true,"RunningTime":65},{"RouteId":70,"RouteVarId":2,"RouteVarName":"Lượt về: Đầu bến Đại học Bách Khoa - Cơ sở 2 - ĐH BÁCH KHOA TP HCM","RouteVarShortName":"Đại học Bách khoa","RouteNo":"50","StartStop":"Đầu bến Đại học Bách Khoa - Cơ sở 2","EndStop":"ĐH BÁCH KHOA TP HCM","Distance":26736.999999999993,"Outbound":false,"RunningTime":65}]
[]
[{"RouteId":73,"RouteVarId":1,"RouteVarName":"Lượt đi: Lê Hồng Phong -  Bến Xe Buýt ÐH Quốc Gia","RouteVarShortName":"Đại học Quốc gia","RouteNo":"53","StartStop":"Lê Hồng Phong","EndStop":"Bến Xe Buýt ÐH Quốc Gia","Distance":33622.0,"Outbound":true,"RunningTime":85},{"RouteId":73,"RouteVarId":2,"RouteVarName":"Lượt về: Bến Xe Buýt ÐH Quốc Gia - Lê Hồng Phong","RouteVarShortName":"Lê Hồng Phong","RouteNo":"53","StartStop":"Bến Xe Buýt ÐH Quốc Gia","EndStop":"Lê Hồng Phong","Distance":32937.999999999993,"Outbound":false,"RunningTime":85}]
[{"RouteId":75,"RouteVarId":1,"RouteVarName":"Lượt đi: Công viên phần mềm Quang Trung - Bến xe Miền Đông mới","RouteVarShortName":"Bến xe Miền Đông mới","RouteNo":"55","StartStop":"Công viên phần mềm Quang Trung","EndStop":"Bến xe Miền Đông mới","Distance":36437.000000000022,"Outbound":true,"RunningTime":95},{"RouteId":75,"RouteVarId":2,"RouteVarName":"Lượt về: Bến xe Miền Đông mới - Công viên phần mềm Quang Trung","RouteVarShortName":"Công viên phần mềm Quang Trung","RouteNo":"55","StartStop":"Bến xe Miền Đông mới","EndStop":"Công viên phần mềm Quang Trung","Distance":34547.0,"Outbound":false,"RunningTime":95}]
[{"RouteId":76,"RouteVarId":151,"RouteVarName":"Lượt đi: Bến xe Chợ Lớn - Đại học Giao thông Vận tải","RouteVarShortName":"Đại học Giao thông Vận tải","RouteNo":"56","StartStop":"Bến xe Chợ Lớn","EndStop":"KTX Đại học Sư phạm kỹ thuật","Distance":26608.0,"Outbound":true,"RunningTime":80},{"RouteId":76,"RouteVarId":152,"RouteVarName":"Lượt về: Đại học Giao thông Vận tải - Bến xe Chợ Lớn","RouteVarShortName":"Bến xe buýt Chợ Lớn","RouteNo":"56","StartStop":"KTX Đại học Sư phạm kỹ thuật","EndStop":"Bến xe Chợ Lớn","Distance":28194.000000000004,"Outbound":false,"RunningTime":80}]
[{"RouteId":77,"RouteVarId":153,"RouteVarName":"Lượt đi: Chợ Phước Bình - Trường THPT Hiệp Bình","RouteVarShortName":"Trường Trung học Phổ thông Hiệp Bình","RouteNo":"57","StartStop":"Chợ Phước Bình","EndStop":"Trường Hiệp Bình","Distance":13557.0,"Outbound":true,"RunningTime":42},{"RouteId":77,"RouteVarId":154,"RouteVarName":"Lượt về: Trường THPT Hiệp Bình - Chợ Phước Bình","RouteVarShortName":"Chợ Phước Bình","RouteNo":"57","StartStop":"Trường Hiệp Bình","EndStop":"Chợ Phước Bình","Distance":13496.000000000004,"Outbound":false,"RunningTime":42}]
[{"RouteId":78,"RouteVarId":1,"RouteVarName":"Lượt đi: BX Ngã tư Ga - KCN Đông Nam","RouteVarShortName":"Khu công nghiệp Đông Nam","RouteNo":"58","StartStop":"Bến xe Ngã tư Ga","EndStop":"Khu công nghiệp Đông Nam","Distance":23733.0,"Outbound":true,"RunningTime":60},{"RouteId":78,"RouteVarId":2,"RouteVarName":"Lượt về: KCN Đông Nam - BX Ngã tư Ga","RouteVarShortName":"Bến xe Ngã tư Ga","RouteNo":"58","StartStop":"Khu công nghiệp Đông Nam","EndStop":"Bến xe Ngã tư Ga","Distance":21535.999999999993,"Outbound":false,"RunningTime":60}]
[{"RouteId":79,"RouteVarId":157,"RouteVarName":"Lượt đi: Bến xe buýt Quận 8 - Bến xe Ngã tư Ga","RouteVarShortName":"Bến xe Ngã 4 Ga","RouteNo":"59","StartStop":"Bến xe buýt Quận 8","EndStop":"Bến xe Ngã tư Ga","Distance":23702.0,"Outbound":true,"RunningTime":97},{"RouteId":79,"RouteVarId":158,"RouteVarName":"Lượt về: Bến xe Ngã tư Ga - Bến xe buýt Quận 8","RouteVarShortName":"Bến xe buýt Quận 8","RouteNo":"59","StartStop":"Bến xe Ngã tư Ga","EndStop":"Bến xe buýt Quận 8","Distance":24563.000000000004,"Outbound":false,"RunningTime":97}]
[{"RouteId":81,"RouteVarId":1,"RouteVarName":"Lượt đi: Bến xe Miền Tây - Bến xe Biên Hòa","RouteVarShortName":"Bến xe Biên Hòa","RouteNo":"60-1","StartStop":"Bến xe Miền Tây","EndStop":"Bến xe Biên Hòa","Distance":61778.999999999985,"Outbound":true,"RunningTime":120},{"RouteId":81,"RouteVarId":2,"RouteVarName":"Lượt về: Bến xe Biên Hòa - Bến xe Miền Tây","RouteVarShortName":"Bến xe Miền Tây","RouteNo":"60-1","StartStop":"Bến xe Biên Hòa","EndStop":"Bến xe Miền Tây","Distance":62840.000000000007,"Outbound":false,"RunningTime":120}]
[{"RouteId":215,"RouteVarId":1,"RouteVarName":"Lượt đi: Đại học Nông Lâm - Bến xe Phú Túc","RouteVarShortName":"Bến Xe Phú Túc","RouteNo":"60-2","StartStop":"Đại học Nông Lâm","EndStop":"Bến xe Phú Túc","Distance":70474.0,"Outbound":true,"RunningTime":120},{"RouteId":215,"RouteVarId":2,"RouteVarName":"Lượt về: Bến xe Phú Túc - Đại học Nông Lâm","RouteVarShortName":"Đại Học Nông Lâm","RouteNo":"60-2","StartStop":"Bến xe Phú Túc","EndStop":"Đại học Nông Lâm","Distance":69729.999999999985,"Outbound":false,"RunningTime":120}]
[{"RouteId":82,"RouteVarId":1,"RouteVarName":"Lượt đi: Bến xe Miền Đông - Bến xe KCN Nhơn Trạch","RouteVarShortName":"Khu Công nghiệp Nhơn Trạch","RouteNo":"60-3","StartStop":"Bến xe Miền Đông","EndStop":"Bến xe KCN Nhơn Trạch","Distance":57596.0,"Outbound":true,"RunningTime":90},{"RouteId":82,"RouteVarId":2,"RouteVarName":"Lượt về: Bến xe KCN Nhơn Trạch - Bến xe Miền Đông","RouteVarShortName":"Bến xe Miền Đông","RouteNo":"60-3","StartStop":"Bến xe KCN Nhơn Trạch","EndStop":"Bến xe Miền Đông","Distance":58534.0,"Outbound":false,"RunningTime":90}]
[{"RouteId":83,"RouteVarId":1,"RouteVarName":"Lượt đi: Bến xe Miền Đông - Bến xe Hố Nai","RouteVarShortName":"Khu công nghiệp Sông Mây","RouteNo":"60-4","StartStop":"Bến xe Miền Đông","EndStop":"Bến xe Hố Nai","Distance":31478.0,"Outbound":true,"RunningTime":85},{"RouteId":83,"RouteVarId":2,"RouteVarName":"Lượt về: Bến xe Hố Nai - Bến xe Miền Đông","RouteVarShortName":"Bến xe Miền Đông","RouteNo":"60-4","StartStop":"Bến xe Hố Nai","EndStop":"Bến xe Miền Đông","Distance":32420.0,"Outbound":false,"RunningTime":85}]
[{"RouteId":84,"RouteVarId":1,"RouteVarName":"Lượt đi: Bến xe buýt Chợ Lớn B -  KCN LÊ MINH XUÂN","RouteVarShortName":"Khu công nghiệp Lê Minh Xuân","RouteNo":"61","StartStop":"Bến xe buýt Chợ Lớn - B","EndStop":"KCN LÊ MINH XUÂN","Distance":17438.0,"Outbound":true,"RunningTime":50},{"RouteId":84,"RouteVarId":2,"RouteVarName":"Lượt về: KCN LÊ MINH XUÂN - Bến xe buýt Chợ Lớn B","RouteVarShortName":"Bến xe buýt Chợ Lớn","RouteNo":"61","StartStop":"KCN LÊ MINH XUÂN","EndStop":"Bến xe buýt Chợ Lớn - B","Distance":17751.999999999989,"Outbound":false,"RunningTime":50}]
[{"RouteId":85,"RouteVarId":1,"RouteVarName":"Lượt đi: Khu Tái định cư Long Sơn - Bến xe Tân Đông Hiệp","RouteVarShortName":"Dĩ An","RouteNo":"61-1","StartStop":"Khu Tái định cư Long Sơn","EndStop":"Bến xe Tân Đông Hiệp","Distance":29729.000000000007,"Outbound":true,"RunningTime":83},{"RouteId":85,"RouteVarId":2,"RouteVarName":"Lượt về: Bến xe Tân Đông Hiệp - Khu Tái định cư Long Sơn","RouteVarShortName":"Thủ Đức","RouteNo":"61-1","StartStop":"Bến xe Tân Đông Hiệp","EndStop":"Khu Tái định cư Long Sơn","Distance":29988.999999999996,"Outbound":false,"RunningTime":83}]
[{"RouteId":86,"RouteVarId":1,"RouteVarName":"Lượt đi","RouteVarShortName":"Thủ Dầu Một","RouteNo":"61-3","StartStop":"Bến xe An Sương","EndStop":"Bến xe Thủ Dầu Một","Distance":31096.0,"Outbound":true,"RunningTime":70},{"RouteId":86,"RouteVarId":2,"RouteVarName":"Lượt về","RouteVarShortName":"Bến xe An Sương","RouteNo":"61-3","StartStop":"Bến xe Thủ Dầu Một","EndStop":"Bến xe An Sương","Distance":31538.999999999993,"Outbound":false,"RunningTime":70}]
[{"RouteId":87,"RouteVarId":1,"RouteVarName":"Lượt đi: Bến Súc - Bến xe Dầu Tiếng","RouteVarShortName":"Dầu Tiếng","RouteNo":"61-4","StartStop":"Bến Dược","EndStop":"Bến xe Dầu Tiếng","Distance":19551.0,"Outbound":true,"RunningTime":40},{"RouteId":87,"RouteVarId":2,"RouteVarName":"Lượt về: Bến xe Dầu Tiếng - Bến Súc","RouteVarShortName":"Bến Dược","RouteNo":"61-4","StartStop":"Bến xe Dầu Tiếng","EndStop":"Bến Dược","Distance":19584.0,"Outbound":false,"RunningTime":40}]
[{"RouteId":88,"RouteVarId":1,"RouteVarName":"Lượt đi","RouteVarShortName":"Khu Du lịch Đại Nam","RouteNo":"61-6","StartStop":"Bến xe buýt Sài Gòn","EndStop":"Bến xe Đại Nam","Distance":43490.0,"Outbound":true,"RunningTime":90},{"RouteId":88,"RouteVarId":2,"RouteVarName":"Lượt về","RouteVarShortName":"Bến Xe Buýt Sài Gòn","RouteNo":"61-6","StartStop":"Bến xe Đại Nam","EndStop":"Bến xe buýt Sài Gòn","Distance":41089.0,"Outbound":false,"RunningTime":120}]
[{"RouteId":89,"RouteVarId":1,"RouteVarName":"Lượt đi: Cầu Phú Cường - Bến xe Bình Dương","RouteVarShortName":"Bến xe Bình Dương","RouteNo":"61-7","StartStop":"Cầu Phú Cường","EndStop":"Bến xe Bình Dương","Distance":6240.0,"Outbound":true,"RunningTime":15},{"RouteId":89,"RouteVarId":2,"RouteVarName":"Lượt về: Bến xe Bình Dương - Cầu Phú Cường","RouteVarShortName":"Bến đò Bình Mỹ","RouteNo":"61-7","StartStop":"Bến xe Bình Dương","EndStop":"Cầu Phú Cường","Distance":6111.0,"Outbound":false,"RunningTime":15}]
[{"RouteId":90,"RouteVarId":1,"RouteVarName":"Lượt đi","RouteVarShortName":"Khu Du lịch Đại Nam","RouteNo":"61-8","StartStop":"Bến xe Miền Tây","EndStop":"Bến xe Đại Nam","Distance":62152.999999999956,"Outbound":true,"RunningTime":120},{"RouteId":90,"RouteVarId":2,"RouteVarName":"Lượt về","RouteVarShortName":"Bến xe Miền Tây","RouteNo":"61-8","StartStop":"Bến xe Đại Nam","EndStop":"Bến xe Miền Tây","Distance":65319.000000000015,"Outbound":false,"RunningTime":120}]
[{"RouteId":91,"RouteVarId":181,"RouteVarName":"Lượt đi: Bến xe buýt Quận 8 - Bến xe buýt Thới An","RouteVarShortName":"Thới An","RouteNo":"62","StartStop":"Bến xe buýt Quận 8","EndStop":"Bến xe buýt Thới An","Distance":22647.0,"Outbound":true,"RunningTime":85},{"RouteId":91,"RouteVarId":182,"RouteVarName":"Lượt về: Bến xe buýt Thới An - Bến xe buýt Quận 8","RouteVarShortName":"Bến xe buýt Quận 8","RouteNo":"62","StartStop":"Bến xe buýt Thới An","EndStop":"Bến xe buýt Quận 8","Distance":25034.0,"Outbound":false,"RunningTime":85}]
[{"RouteId":204,"RouteVarId":1,"RouteVarName":"Lượt đi: Bến xe Chợ Lớn - Bến xe khách Tân Trụ","RouteVarShortName":"Bến xe Tân Trụ","RouteNo":"62-1","StartStop":"Bến xe Chợ Lớn","EndStop":"Bến xe khách Tân Trụ","Distance":43467.0,"Outbound":true,"RunningTime":75},{"RouteId":204,"RouteVarId":2,"RouteVarName":"Lượt về: Bến xe khách Tân Trụ - Bến xe Chợ Lớn","RouteVarShortName":"Bến Xe Chợ Lớn","RouteNo":"62-1","StartStop":"Bến xe khách Tân Trụ","EndStop":"Bến xe Chợ Lớn","Distance":43700.0,"Outbound":false,"RunningTime":75}]
[{"RouteId":92,"RouteVarId":1,"RouteVarName":"lươt đi","RouteVarShortName":"Thanh Vĩnh Đông","RouteNo":"62-10","StartStop":"Bến xe Chợ Lớn","EndStop":"Bến xe Thanh Vĩnh Đông","Distance":69349.0,"Outbound":true,"RunningTime":140},{"RouteId":92,"RouteVarId":2,"RouteVarName":"Lượt về","RouteVarShortName":"Bến xe Chợ Lớn","RouteNo":"62-10","StartStop":"Bến xe Thanh Vĩnh Đông","EndStop":"Bến xe Chợ Lớn","Distance":67667.000000000015,"Outbound":false,"RunningTime":140}]
[{"RouteId":93,"RouteVarId":1,"RouteVarName":"Lượt đi","RouteVarShortName":"Bến Xe Tân Tập","RouteNo":"62-11","StartStop":"Bến xe buýt Quận 8","EndStop":"Bến xe Tân Tập ","Distance":34663.0,"Outbound":true,"RunningTime":85},{"RouteId":93,"RouteVarId":2,"RouteVarName":"Lượt về","RouteVarShortName":"Bến Xe Quận 8","RouteNo":"62-11","StartStop":"Bến xe Tân Tập ","EndStop":"Bến xe buýt Quận 8","Distance":34516.999999999985,"Outbound":false,"RunningTime":85}]
[{"RouteId":94,"RouteVarId":1,"RouteVarName":"Lượt đi: Bến xe buýt Chợ Lớn - Bến xe Ngã 3 Tân Lân","RouteVarShortName":"Ngã 3 Tân Lân","RouteNo":"62-2","StartStop":"Bến xe buýt Chợ Lớn - B","EndStop":"Bến xe Ngã 3 Tân Lân","Distance":32799.0,"Outbound":true,"RunningTime":80},{"RouteId":94,"RouteVarId":2,"RouteVarName":"Lượt về: Bến xe Ngã 3 Tân Lân - Bến xe buýt Chợ Lớn","RouteVarShortName":"Bến xe Chợ Lớn","RouteNo":"62-2","StartStop":"Bến xe Ngã 3 Tân Lân","EndStop":"Bến xe buýt Chợ Lớn - B","Distance":32677.0,"Outbound":false,"RunningTime":80}]
[{"RouteId":95,"RouteVarId":1,"RouteVarName":"lượt đi","RouteVarShortName":"Bến xe Hậu Nghĩa","RouteNo":"62-3","StartStop":"Bến xe Củ Chi","EndStop":"Bến xe Hậu Nghĩa","Distance":15999.0,"Outbound":true,"RunningTime":35},{"RouteId":95,"RouteVarId":2,"RouteVarName":"lượt về","RouteVarShortName":"Bến Củ Chi","RouteNo":"62-3","StartStop":"Bến xe Hậu Nghĩa","EndStop":"Bến xe Củ Chi","Distance":15546.0,"Outbound":false,"RunningTime":35}]
[{"RouteId":97,"RouteVarId":1,"RouteVarName":"Lượt đi: Bến xe An Sương - Bến xe Hậu Nghĩa","RouteVarShortName":"Bến xe Hậu Nghĩa","RouteNo":"62-5","StartStop":"Bến xe An Sương","EndStop":"Bến xe Hậu Nghĩa","Distance":32030.000000000007,"Outbound":true,"RunningTime":70},{"RouteId":97,"RouteVarId":2,"RouteVarName":"Lượt về: Bến xe Hậu Nghĩa - Bến xe An Sương","RouteVarShortName":"Bến xe An Sương","RouteNo":"62-5","StartStop":"Bến xe Hậu Nghĩa","EndStop":"Bến xe An Sương","Distance":29556.0,"Outbound":false,"RunningTime":70}]
[{"RouteId":214,"RouteVarId":1,"RouteVarName":"Lượt đi","RouteVarShortName":"BX Hậu Nghĩa","RouteNo":"62-6","StartStop":"Bến xe Chợ Lớn","EndStop":"Bến xe Hậu Nghĩa","Distance":36667.000000000015,"Outbound":true,"RunningTime":90},{"RouteId":214,"RouteVarId":2,"RouteVarName":"Lượt về","RouteVarShortName":"BX Chợ Lớn","RouteNo":"62-6","StartStop":"Bến xe Hậu Nghĩa","EndStop":"Bến xe Chợ Lớn","Distance":37262.999999999993,"Outbound":false,"RunningTime":90}]
[{"RouteId":98,"RouteVarId":1,"RouteVarName":"Lượt đi","RouteVarShortName":"Bến xe Đức Huệ","RouteNo":"62-7","StartStop":"Bến xe Chợ Lớn","EndStop":"Bến xe Đức Huệ","Distance":50789.999999999993,"Outbound":true,"RunningTime":115},{"RouteId":98,"RouteVarId":2,"RouteVarName":"Lượt về","RouteVarShortName":"Bến xe Chợ Lớn","RouteNo":"62-7","StartStop":"Bến xe Đức Huệ","EndStop":"Bến xe Chợ Lớn","Distance":51019.0,"Outbound":false,"RunningTime":115}]
[{"RouteId":99,"RouteVarId":1,"RouteVarName":"Lượt đi: Bến xe Chợ Lớn - Bến xe Long An","RouteVarShortName":"Bến xe Tân An","RouteNo":"62-8","StartStop":"Bến xe Chợ Lớn","EndStop":"Bến xe Long An","Distance":41087.999999999985,"Outbound":true,"RunningTime":90},{"RouteId":99,"RouteVarId":2,"RouteVarName":"Lượt về: Bến xe Long An - Bến xe Chợ Lớn","RouteVarShortName":"Bến xe Chợ Lớn","RouteNo":"62-8","StartStop":"Bến xe Long An","EndStop":"Bến xe Chợ Lớn","Distance":40821.000000000015,"Outbound":false,"RunningTime":90}]
[{"RouteId":100,"RouteVarId":1,"RouteVarName":"lượt về","RouteVarShortName":"Thị xã Gò Công","RouteNo":"62-9","StartStop":"Bến xe buýt Quận 8","EndStop":"Bến xe Gò Công","Distance":50696.999999999993,"Outbound":true,"RunningTime":100},{"RouteId":100,"RouteVarId":2,"RouteVarName":"lượt đi","RouteVarShortName":"Bến xe buýt Quận 8","RouteNo":"62-9","StartStop":"Bến xe Gò Công","EndStop":"Bến xe buýt Quận 8","Distance":50589.999999999993,"Outbound":false,"RunningTime":100}]
[{"RouteId":101,"RouteVarId":201,"RouteVarName":"Lượt đi: Bến xe Miền Đông - Bến xe buýt Đầm Sen","RouteVarShortName":"Đầm Sen","RouteNo":"64","StartStop":"Bến xe Miền Đông","EndStop":"Bến xe buýt Đầm Sen","Distance":17564.098982313324,"Outbound":true,"RunningTime":65},{"RouteId":101,"RouteVarId":202,"RouteVarName":"Lượt về: Bến xe buýt Đầm Sen - Bến xe Miền Đông","RouteVarShortName":"Bến xe Miền Đông","RouteNo":"64","StartStop":"Bến xe buýt Đầm Sen","EndStop":"Bến xe Miền Đông","Distance":19405.000000000007,"Outbound":false,"RunningTime":65}]
[{"RouteId":102,"RouteVarId":203,"RouteVarName":"Lượt đi: Bến xe buýt Sài Gòn - Bến xe An Sương","RouteVarShortName":"Bến xe An Sương","RouteNo":"65","StartStop":"Bến xe buýt Sài Gòn","EndStop":"Bến xe An Sương","Distance":17514.000000000004,"Outbound":true,"RunningTime":55},{"RouteId":102,"RouteVarId":204,"RouteVarName":"Lượt về: Bến xe An Sương - Bến xe buýt Sài Gòn","RouteVarShortName":"Bến Thành","RouteNo":"65","StartStop":"Bến xe An Sương","EndStop":"Bến xe buýt Sài Gòn","Distance":13712.000000000002,"Outbound":false,"RunningTime":55}]
[{"RouteId":105,"RouteVarId":1,"RouteVarName":"Lượt đi: Bến xe buýt Sài Gòn - Trường Trí Tuệ Việt","RouteVarShortName":"Khu dân cư Vĩnh Lộc","RouteNo":"69","StartStop":"Bến xe buýt Sài Gòn","EndStop":"Trường Trí Tuệ Việt","Distance":24638.0,"Outbound":true,"RunningTime":95},{"RouteId":105,"RouteVarId":2,"RouteVarName":"Lượt về: Trường Trí Tuệ Việt - Bến xe buýt Sài Gòn","RouteVarShortName":"Bến xe buýt Sài Gòn","RouteNo":"69","StartStop":"Trường Trí Tuệ Việt","EndStop":"Bến xe buýt Sài Gòn","Distance":23912.999999999996,"Outbound":false,"RunningTime":95}]
[{"RouteId":104,"RouteVarId":1,"RouteVarName":"Lượt đi: Bến xe buýt Chợ Lớn B - Đại học tài chính Maketing","RouteVarShortName":"Marketing","RouteNo":"68","StartStop":"Bến xe buýt Chợ Lớn - B","EndStop":"Đại học tài chính Maketing","Distance":20528.000000000004,"Outbound":true,"RunningTime":65},{"RouteId":104,"RouteVarId":2,"RouteVarName":"Lượt về: Đại học tài chính Maketing - Bến xe buýt Chợ Lớn - B","RouteVarShortName":"Bến xe buýt Chợ Lớn","RouteNo":"68","StartStop":"Đại học tài chính Maketing","EndStop":"Bến xe buýt Chợ Lớn - B","Distance":19730.0,"Outbound":false,"RunningTime":65}]
[{"RouteId":106,"RouteVarId":211,"RouteVarName":"Lượt đi: Tân Quy - Bến Súc","RouteVarShortName":"Bến Súc","RouteNo":"70","StartStop":"Bến xe buýt Tân Quy","EndStop":"Bến xe buýt Bến Súc","Distance":25865.999999999993,"Outbound":true,"RunningTime":60},{"RouteId":106,"RouteVarId":212,"RouteVarName":"Lượt về: Bến Súc - Tân Quy","RouteVarShortName":"Tân Quy","RouteNo":"70","StartStop":"Bến xe buýt Bến Súc","EndStop":"Bến xe buýt Tân Quy","Distance":25224.0,"Outbound":false,"RunningTime":60}]
[{"RouteId":107,"RouteVarId":1,"RouteVarName":"Lượt đi: Bến xe Củ Chi - Bến xe Tây Ninh","RouteVarShortName":"Bến Xe Tây Ninh","RouteNo":"70-1","StartStop":"Bến xe Củ Chi","EndStop":"Bến xe Tây Ninh","Distance":66893.0,"Outbound":true,"RunningTime":115},{"RouteId":107,"RouteVarId":2,"RouteVarName":"Lượt về: Bến xe Tây Ninh - Bến xe Củ Chi","RouteVarShortName":" Bến xe Củ Chi","RouteNo":"70-1","StartStop":"Bến xe Tây Ninh","EndStop":"Bến xe Củ Chi","Distance":67564.0,"Outbound":false,"RunningTime":115}]
[{"RouteId":108,"RouteVarId":1,"RouteVarName":"Lượt đi","RouteVarShortName":"Hòa Thành","RouteNo":"70-2","StartStop":"Bến xe Củ Chi","EndStop":"Bến xe Hòa Thành","Distance":60839.0,"Outbound":true,"RunningTime":100},{"RouteId":108,"RouteVarId":2,"RouteVarName":"Lượt về","RouteVarShortName":"BX Củ Chi","RouteNo":"70-2","StartStop":"Bến xe Hòa Thành","EndStop":"Bến xe Củ Chi","Distance":61297.999999999993,"Outbound":false,"RunningTime":100}]
[{"RouteId":109,"RouteVarId":1,"RouteVarName":"Lượt đi: Bến xe buýt Sài Gòn - Bến xe Mộc Bài","RouteVarShortName":"Mộc Bài","RouteNo":"70-3","StartStop":"Bến xe buýt Sài Gòn","EndStop":"Bến xe Mộc Bài","Distance":76566.999999999971,"Outbound":true,"RunningTime":150},{"RouteId":109,"RouteVarId":2,"RouteVarName":"Lượt về: Bến xe Mộc Bài - Bến xe buýt Sài Gòn","RouteVarShortName":"Bến Xe Buýt Sài Gòn","RouteNo":"70-3","StartStop":"Bến xe Mộc Bài","EndStop":"Bến xe buýt Sài Gòn","Distance":76109.999999999971,"Outbound":false,"RunningTime":150}]
[{"RouteId":110,"RouteVarId":1,"RouteVarName":"Lượt đi: Bố Heo - Bến xe Lộc Hưng","RouteVarShortName":"Lộc Hưng","RouteNo":"70-5","StartStop":"Bố Heo","EndStop":"Bến xe Lộc Hưng","Distance":7517.0,"Outbound":true,"RunningTime":15},{"RouteId":110,"RouteVarId":2,"RouteVarName":"Lượt về: Bến xe Lộc Hưng - Bố Heo","RouteVarShortName":"Bố Heo","RouteNo":"70-5","StartStop":"Bến xe Lộc Hưng","EndStop":"Bố Heo","Distance":7517.0,"Outbound":false,"RunningTime":15}]
[{"RouteId":111,"RouteVarId":221,"RouteVarName":"Lượt đi: Bến xe An Sương - Phật Cô Đơn","RouteVarShortName":"Phật Cô Đơn","RouteNo":"71","StartStop":"Bến xe An Sương","EndStop":"Phật Cô Đơn","Distance":24048.000000000015,"Outbound":true,"RunningTime":65},{"RouteId":111,"RouteVarId":222,"RouteVarName":"Lượt về: Phật Cô Đơn - Bến xe An Sương","RouteVarShortName":"Bến xe An Sương","RouteNo":"71","StartStop":"Phật Cô Đơn","EndStop":"Bến xe An Sương","Distance":23528.999999999985,"Outbound":false,"RunningTime":65}]
[{"RouteId":112,"RouteVarId":223,"RouteVarName":"Lượt đi: Bến xe buýt Sài Gòn - Hiệp Phước","RouteVarShortName":"Hiệp Phước","RouteNo":"72","StartStop":"Bến xe buýt Sài Gòn","EndStop":"Hiệp Phước","Distance":21710.0,"Outbound":true,"RunningTime":55},{"RouteId":112,"RouteVarId":224,"RouteVarName":"Lượt về: Hiệp Phước - Bến xe buýt Sài Gòn","RouteVarShortName":"Bến xe buýt Sài Gòn","RouteNo":"72","StartStop":"Hiệp Phước","EndStop":"Bến xe buýt Sài Gòn","Distance":21566.000000000004,"Outbound":false,"RunningTime":55}]
[{"RouteId":335,"RouteVarId":3,"RouteVarName":"Lượt đi: Sân bay Tân Sơn Nhất - BẾN XE VŨNG TÀU","RouteVarShortName":"Lượt đi: Sân bay Tân Sơn Nhất - BẾN XE VŨNG TÀU","RouteNo":"72-1","StartStop":"Sân bay Tân Sơn Nhất","EndStop":"BẾN XE VŨNG TÀU","Distance":103189.0,"Outbound":true,"RunningTime":165},{"RouteId":335,"RouteVarId":4,"RouteVarName":"Lượt về: BẾN XE VŨNG TÀU - Sân bay Tân Sơn Nhất","RouteVarShortName":"Lượt về: BẾN XE VŨNG TÀU - Sân bay Tân Sơn Nhất","RouteNo":"72-1","StartStop":"BẾN XE VŨNG TÀU","EndStop":"Sân bay Tân Sơn Nhất","Distance":103438.0,"Outbound":false,"RunningTime":165}]
[{"RouteId":113,"RouteVarId":225,"RouteVarName":"Lượt đi: Chợ Bình Chánh - KCN LÊ MINH XUÂN","RouteVarShortName":"Khu công nghiệp Lê Minh Xuân","RouteNo":"73","StartStop":"Chợ Bình Chánh","EndStop":"KCN LÊ MINH XUÂN","Distance":23378.000000000007,"Outbound":true,"RunningTime":60},{"RouteId":113,"RouteVarId":226,"RouteVarName":"Lượt về: KCN LÊ MINH XUÂN - Chợ Bình Chánh","RouteVarShortName":"Chợ Bình Chánh","RouteNo":"73","StartStop":"KCN LÊ MINH XUÂN","EndStop":"Chợ Bình Chánh","Distance":22634.999999999996,"Outbound":false,"RunningTime":60}]
[{"RouteId":114,"RouteVarId":227,"RouteVarName":"Lượt đi: Bến xe An Sương - Bến xe Củ Chi","RouteVarShortName":"Bến xe Củ Chi","RouteNo":"74","StartStop":"Bến xe An Sương","EndStop":"Bến xe Củ Chi","Distance":22529.000000000007,"Outbound":true,"RunningTime":45},{"RouteId":114,"RouteVarId":228,"RouteVarName":"Lượt về: Bến xe Củ Chi - Bến xe An Sương","RouteVarShortName":"Bến xe An Sương","RouteNo":"74","StartStop":"Bến xe Củ Chi","EndStop":"Bến xe An Sương","Distance":22439.999999999996,"Outbound":false,"RunningTime":45}]
[{"RouteId":115,"RouteVarId":231,"RouteVarName":"Lượt đi: Bến xe buýt Sài Gòn - Bến xe buýt Cần Giờ","RouteVarShortName":"Cần Giờ","RouteNo":"75","StartStop":"Bến xe buýt Sài Gòn","EndStop":"Bến xe buýt Cần Giờ","Distance":63314.0,"Outbound":true,"RunningTime":140},{"RouteId":115,"RouteVarId":232,"RouteVarName":"Lượt về: Bến xe buýt Cần Giờ - Bến xe buýt Sài Gòn","RouteVarShortName":"Bến Xe Buýt Sài Gòn","RouteNo":"75","StartStop":"Bến xe buýt Cần Giờ","EndStop":"Bến xe buýt Sài Gòn","Distance":67729.999999999985,"Outbound":false,"RunningTime":140}]
[{"RouteId":116,"RouteVarId":1,"RouteVarName":"Lượt đi: Long Phước - Bến xe Miền Đông mới","RouteVarShortName":"Bến xe Miền Đông mới","RouteNo":"76","StartStop":"Long Phước","EndStop":"Bến xe Miền Đông mới","Distance":23669.000000000004,"Outbound":true,"RunningTime":58},{"RouteId":116,"RouteVarId":2,"RouteVarName":"Lượt về: Bến xe Miền Đông mới - Long Phước","RouteVarShortName":"Long Phước","RouteNo":"76","StartStop":"Bến xe Miền Đông mới","EndStop":"Long Phước","Distance":24511.999999999996,"Outbound":false,"RunningTime":58}]
[{"RouteId":117,"RouteVarId":235,"RouteVarName":"Lượt đi: Đồng Hòa - Cần Thạnh","RouteVarShortName":"Cần Thạnh","RouteNo":"77","StartStop":"Đồng Hòa","EndStop":"Bến xe buýt Cần Giờ","Distance":17385.0,"Outbound":true,"RunningTime":35},{"RouteId":117,"RouteVarId":236,"RouteVarName":"Lượt về: Cần Thạnh - Đồng Hòa","RouteVarShortName":"Đồng Hòa","RouteNo":"77","StartStop":"Bến xe buýt Cần Giờ","EndStop":"Đồng Hòa","Distance":15000.0,"Outbound":false,"RunningTime":35}]
[{"RouteId":118,"RouteVarId":1,"RouteVarName":"Lượt đi: Bến xe buýt Thới An - Bến xe buýt Cầu Lớn","RouteVarShortName":"Cầu Lớn","RouteNo":"78","StartStop":"Bến xe buýt Thới An","EndStop":"Bến xe buýt Cầu Lớn","Distance":19096.999999999993,"Outbound":true,"RunningTime":60},{"RouteId":118,"RouteVarId":2,"RouteVarName":"Lượt về: Bến xe buýt Cầu Lớn - Bến xe buýt Thới An","RouteVarShortName":"Bến xe buýt Thới An","RouteNo":"78","StartStop":"Bến xe buýt Cầu Lớn","EndStop":"Bến xe buýt Thới An","Distance":19173.999999999993,"Outbound":false,"RunningTime":60}]
[{"RouteId":119,"RouteVarId":237,"RouteVarName":"Lượt đi: Bến xe Củ Chi - Bến Dược","RouteVarShortName":"Đền Bến Dược","RouteNo":"79","StartStop":"Bến xe Củ Chi","EndStop":"Bến Dược","Distance":25403.999999999996,"Outbound":true,"RunningTime":45},{"RouteId":119,"RouteVarId":238,"RouteVarName":"Lượt về: Bến Dược - Bến xe Củ Chi","RouteVarShortName":"Bến xe Củ Chi","RouteNo":"79","StartStop":"Bến Dược","EndStop":"Bến xe Củ Chi","Distance":25925.0,"Outbound":false,"RunningTime":45}]
[{"RouteId":121,"RouteVarId":1,"RouteVarName":"Lượt đi: Bến xe Chợ Lớn - Lê Minh Xuân - Xã Bình Lợi ","RouteVarShortName":"Lê Minh Xuân","RouteNo":"81","StartStop":"Bến xe Chợ Lớn","EndStop":"Lê Minh Xuân - Xã Bình Lợi ","Distance":24269.999999999985,"Outbound":true,"RunningTime":65},{"RouteId":121,"RouteVarId":2,"RouteVarName":"Lượt về: Lê Minh Xuân - Xã Bình Lợi  - Bến xe Chợ Lớn","RouteVarShortName":"Bến xe buýt Chợ Lớn","RouteNo":"81","StartStop":"Lê Minh Xuân - Xã Bình Lợi ","EndStop":"Bến xe Chợ Lớn","Distance":24056.999999999993,"Outbound":false,"RunningTime":65}]
[{"RouteId":125,"RouteVarId":1,"RouteVarName":"Lượt đi: Bến xe An Sương - Cầu Lớn","RouteVarShortName":"Khu công nghiệp Nhị Xuân","RouteNo":"85","StartStop":"Bến xe An Sương","EndStop":"Bến xe buýt Cầu Lớn","Distance":16394.000000000004,"Outbound":true,"RunningTime":35},{"RouteId":125,"RouteVarId":2,"RouteVarName":"Lượt về: Cầu Lớn - Bến xe An Sương","RouteVarShortName":"Bến xe An Sương","RouteNo":"85","StartStop":"Bến xe buýt Cầu Lớn","EndStop":"Bến xe An Sương","Distance":15977.000000000004,"Outbound":false,"RunningTime":35}]
[{"RouteId":124,"RouteVarId":247,"RouteVarName":"Lượt đi: Bến xe Chợ Lớn - Tân Túc","RouteVarShortName":"Tân Túc","RouteNo":"84","StartStop":"Bến xe buýt Chợ Lớn - B","EndStop":"Tân Túc","Distance":17222.999999999996,"Outbound":true,"RunningTime":47},{"RouteId":124,"RouteVarId":248,"RouteVarName":"Lượt về :Tân Túc - Bến xe Chợ Lớn","RouteVarShortName":"Bến xe buýt Chợ Lớn","RouteNo":"84","StartStop":"Tân Túc","EndStop":"Bến xe buýt Chợ Lớn - B","Distance":17248.0,"Outbound":false,"RunningTime":47}]
[{"RouteId":126,"RouteVarId":1,"RouteVarName":"Lượt đi: Bến xe buýt Sài Gòn - Cầu Long Kiển","RouteVarShortName":"Cầu Long Kiểng","RouteNo":"86","StartStop":"Bến xe buýt Sài Gòn","EndStop":"Cầu Long Kiển","Distance":12773.0,"Outbound":true,"RunningTime":50},{"RouteId":126,"RouteVarId":2,"RouteVarName":"Lượt về: Cầu Long Kiển - Bến xe buýt Sài Gòn","RouteVarShortName":"Bến Thành","RouteNo":"86","StartStop":"Cầu Long Kiển","EndStop":"Bến xe buýt Sài Gòn","Distance":13055.999999999996,"Outbound":false,"RunningTime":50}]
[{"RouteId":127,"RouteVarId":253,"RouteVarName":"Lượt đi: Bến xe Củ Chi - An Nhơn Tây","RouteVarShortName":"An Nhơn Tây","RouteNo":"87","StartStop":"Bến xe Củ Chi","EndStop":"Bến xe buýt An Nhơn Tây","Distance":20424.000000000007,"Outbound":true,"RunningTime":40},{"RouteId":127,"RouteVarId":254,"RouteVarName":"Lượt về: An Nhơn Tây - Bến xe Củ Chi","RouteVarShortName":"Bến xe Củ Chi","RouteNo":"87","StartStop":"Bến xe buýt An Nhơn Tây","EndStop":"Bến xe Củ Chi","Distance":21360.999999999996,"Outbound":false,"RunningTime":40}]
[{"RouteId":128,"RouteVarId":255,"RouteVarName":"Lượt đi: Bến Thành - Chợ Long Phước","RouteVarShortName":"Chợ Long Phước","RouteNo":"88","StartStop":"Bến xe buýt Sài Gòn","EndStop":"Chợ Long Phước","Distance":25274.999999999993,"Outbound":true,"RunningTime":65},{"RouteId":128,"RouteVarId":256,"RouteVarName":"Lượt về: Chợ Long Phước - Bến Thành","RouteVarShortName":"Bến Thành","RouteNo":"88","StartStop":"Chợ Long Phước","EndStop":"Bến xe buýt Sài Gòn","Distance":25506.0,"Outbound":false,"RunningTime":65}]
[{"RouteId":129,"RouteVarId":1,"RouteVarName":"Lượt đi: Đại học Nông Lâm - Bến tàu thủy Hiệp Bình Chánh","RouteVarShortName":"Bến Tàu Hiệp Bình Chánh","RouteNo":"89","StartStop":"Đại học Nông Lâm","EndStop":"Bến tàu thủy Hiệp Bình Chánh","Distance":16806.0,"Outbound":true,"RunningTime":55},{"RouteId":129,"RouteVarId":2,"RouteVarName":"Lượt về: Bến tàu thủy Hiệp Bình Chánh - Đại học Nông Lâm","RouteVarShortName":"Đại học Nông Lâm","RouteNo":"89","StartStop":"Bến tàu thủy Hiệp Bình Chánh","EndStop":"Đại học Nông Lâm","Distance":16911.0,"Outbound":false,"RunningTime":55}]
[{"RouteId":130,"RouteVarId":261,"RouteVarName":"Lượt đi: Phà Bình Khánh - Cần Thạnh","RouteVarShortName":"Cần Thạnh","RouteNo":"90","StartStop":"Bình Khánh","EndStop":"Bến xe buýt Cần Giờ","Distance":44219.0,"Outbound":true,"RunningTime":75},{"RouteId":130,"RouteVarId":262,"RouteVarName":"Lượt về: Cần Thạnh - Phà Bình Khánh","RouteVarShortName":"Phà Bình Khánh","RouteNo":"90","StartStop":"Bến xe buýt Cần Giờ","EndStop":"Bình Khánh","Distance":44242.0,"Outbound":false,"RunningTime":75}]
[{"RouteId":131,"RouteVarId":261,"RouteVarName":"Lượt đi: Bến xe Miền Tây - Chợ nông sản Thủ Đức","RouteVarShortName":"Chợ nông sản Thủ Đức","RouteNo":"91","StartStop":"Bến xe Miền Tây","EndStop":"Chợ nông sản Thủ Đức","Distance":26052.999999999996,"Outbound":true,"RunningTime":85},{"RouteId":131,"RouteVarId":262,"RouteVarName":"Lượt về: Chợ nông sản Thủ Đức - Bến xe Miền Tây","RouteVarShortName":"Bến xe Miền Tây","RouteNo":"91","StartStop":"Chợ nông sản Thủ Đức","EndStop":"Bến xe Miền Tây","Distance":24030.0,"Outbound":false,"RunningTime":85}]
[{"RouteId":133,"RouteVarId":1,"RouteVarName":"Lượt đi: Bến xe buýt Sài Gòn - Bến xe Miền Đông mới","RouteVarShortName":"Bến xe Miền Đông mới","RouteNo":"93","StartStop":"Bến xe buýt Sài Gòn","EndStop":"Bến xe Miền Đông mới","Distance":25344.000000000004,"Outbound":true,"RunningTime":85},{"RouteId":133,"RouteVarId":2,"RouteVarName":"Lượt về: Bến xe Miền Đông mới - Bến xe buýt Sài Gòn","RouteVarShortName":"Bến Thành","RouteNo":"93","StartStop":"Bến xe Miền Đông mới","EndStop":"Bến xe buýt Sài Gòn","Distance":26631.000000000004,"Outbound":false,"RunningTime":85}]
[{"RouteId":137,"RouteVarId":273,"RouteVarName":"Lượt đi: Chợ Thạnh Mỹ Lợi - Bến Xe Buýt ÐH Quốc Gia","RouteVarShortName":"Đại học Quốc gia","RouteNo":"99","StartStop":"Chợ Thạnh Mỹ Lợi","EndStop":"Bến Xe Buýt ÐH Quốc Gia","Distance":26181.0,"Outbound":true,"RunningTime":65},{"RouteId":137,"RouteVarId":274,"RouteVarName":"Lượt về: Bến Xe Buýt ÐH Quốc Gia - Chợ Thạnh Mỹ Lợi","RouteVarShortName":"Chợ Thạnh Mỹ Lợi","RouteNo":"99","StartStop":"Bến Xe Buýt ÐH Quốc Gia","EndStop":"Chợ Thạnh Mỹ Lợi","Distance":29171.000000000004,"Outbound":false,"RunningTime":65}]
[{"RouteId":134,"RouteVarId":267,"RouteVarName":"Lượt đi: Bến xe Chợ Lớn - Bến xe Củ Chi","RouteVarShortName":"Bến xe Củ Chi","RouteNo":"94","StartStop":"Bến xe Chợ Lớn","EndStop":"Bến xe Củ Chi","Distance":35662.999999999993,"Outbound":true,"RunningTime":75},{"RouteId":134,"RouteVarId":268,"RouteVarName":"Lượt về: Bến xe Củ Chi - Bến xe Chợ Lớn","RouteVarShortName":"Bến xe Chợ Lớn","RouteNo":"94","StartStop":"Bến xe Củ Chi","EndStop":"Bến xe Chợ Lớn","Distance":34876.999999999993,"Outbound":false,"RunningTime":75}]
[{"RouteId":210,"RouteVarId":1,"RouteVarName":"Lượt đi","RouteVarShortName":"THẢO CẦM VIÊN","RouteNo":"D1","StartStop":"Bến xe buýt Sài Gòn","EndStop":"Thảo cầm viên","Distance":6264.0000000000009,"Outbound":true,"RunningTime":30},{"RouteId":210,"RouteVarId":2,"RouteVarName":"Lượt về","RouteVarShortName":"CÔNG VIÊN 23/9","RouteNo":"D1","StartStop":"Thảo cầm viên","EndStop":"Bến xe buýt Sài Gòn","Distance":4737.0,"Outbound":false,"RunningTime":30}]
[{"RouteId":212,"RouteVarId":1,"RouteVarName":"Lượt đi","RouteVarShortName":"Lượt đi","RouteNo":"D2","StartStop":"Paris Baguette","EndStop":"Cressent mall","Distance":3677.0000000000005,"Outbound":true,"RunningTime":14},{"RouteId":212,"RouteVarId":2,"RouteVarName":"lượt về","RouteVarShortName":"lượt về","RouteNo":"D2","StartStop":"Cressent mall","EndStop":"Paris Baguette","Distance":3484.0,"Outbound":false,"RunningTime":14}]
[{"RouteId":211,"RouteVarId":1,"RouteVarName":"Lượt đi","RouteVarShortName":"Cresent Mall","RouteNo":"D3","StartStop":"Ủy ban Tân Phú","EndStop":"Cressent mall","Distance":6367.0000000000009,"Outbound":true,"RunningTime":14},{"RouteId":211,"RouteVarId":2,"RouteVarName":"Lượt về","RouteVarShortName":"Riverside Resident","RouteNo":"D3","StartStop":"Cressent mall","EndStop":"Ủy ban Tân Phú","Distance":5856.0,"Outbound":false,"RunningTime":14}]
[]
[{"RouteId":336,"RouteVarId":1,"RouteVarName":"Lộ trình chính (đi Nguyễn Huệ)","RouteVarShortName":"Lộ trình chính (đi Nguyễn Huệ)","RouteNo":"DL01","StartStop":"Công xã Paris","EndStop":"Công xã Paris","Distance":10408.000000000004,"Outbound":true,"RunningTime":60}]
[]
[]
[]
[]
[]
[]
[]
[]
[]
[]
[]
[]
[]
[]
[]
[]
[{"RouteId":328,"RouteVarId":2,"RouteVarName":"Lượt về","RouteVarShortName":"TRường THCS Trung An","RouteNo":"HS-109","StartStop":"THCS Trung An","EndStop":"Duong Bau Tram","Distance":3109.0,"Outbound":false,"RunningTime":8}]
[]
[]
[]
[]
[]
[]
[]
[]
[]
[]
[]
[]
[]
[]
[]
[]
[]
[]
[]
[]
[]
[]
[]
[]
[]
[]
[]
[]
[]
[]
[]
[]
[]
[]
[]
[]
[]
[]
[]
[]
[]
[]
[]
[]
[]
[]
[]
[]
[]
[]
[]
[]
[]
[]
[{"RouteId":292,"RouteVarId":1,"RouteVarName":"Lượt đi","RouteVarShortName":"Trường Tiểu Học An Nghĩa","RouteNo":"HS-72","StartStop":"Tam Thon Hiep","EndStop":"tieu Hoc An Nghia","Distance":2227.0,"Outbound":true,"RunningTime":20},{"RouteId":292,"RouteVarId":2,"RouteVarName":"Lượt về","RouteVarShortName":"Tam Thôn Hiệp","RouteNo":"HS-72","StartStop":"tieu Hoc An Nghia","EndStop":"Tam Thon Hiep","Distance":2226.0,"Outbound":false,"RunningTime":20}]
[{"RouteId":294,"RouteVarId":1,"RouteVarName":"Lượt đi","RouteVarShortName":"Trường Tiểu Học Tam Thôn Hiệp","RouteNo":"HS-74","StartStop":"Tam Thon Hiep","EndStop":"Tieu Hoc Tam Thon Hiep","Distance":2170.0,"Outbound":true,"RunningTime":20},{"RouteId":294,"RouteVarId":2,"RouteVarName":"Lượt về","RouteVarShortName":"Tam Thôn Hiệp","RouteNo":"HS-74","StartStop":"Tieu Hoc Tam Thon Hiep","EndStop":"Tam Thon Hiep","Distance":2166.0,"Outbound":false,"RunningTime":20}]
[{"RouteId":293,"RouteVarId":1,"RouteVarName":"Lượt đi","RouteVarShortName":"Trường Tiểu Học An Nghĩa","RouteNo":"HS-73","StartStop":"Rung Sac","EndStop":"tieu Hoc An Nghia","Distance":1680.0,"Outbound":true,"RunningTime":20},{"RouteId":293,"RouteVarId":2,"RouteVarName":"Lượt về","RouteVarShortName":"Rùng Sác","RouteNo":"HS-73","StartStop":"tieu Hoc An Nghia","EndStop":"Rung Sac","Distance":1616.0,"Outbound":false,"RunningTime":20}]
[{"RouteId":296,"RouteVarId":1,"RouteVarName":"Lượt đi","RouteVarShortName":"Trường THCS Tam Thôn Hiệp","RouteNo":"HS-76","StartStop":"Tam Thon Hiep","EndStop":"THCS Tam Thon Hiep","Distance":1759.0,"Outbound":true,"RunningTime":20},{"RouteId":296,"RouteVarId":2,"RouteVarName":"Lượt về","RouteVarShortName":"Tam Thôn Hiệp","RouteNo":"HS-76","StartStop":"THCS Tam Thon Hiep","EndStop":"Tam Thon Hiep","Distance":1743.0,"Outbound":false,"RunningTime":20}]
[{"RouteId":295,"RouteVarId":1,"RouteVarName":"Lượt đi","RouteVarShortName":"Trường Tiểu Học Tam Thôn Hiệp","RouteNo":"HS-75","StartStop":"Trung Tam Hoc Cong Dong","EndStop":"Tieu Hoc Tam Thon Hiep","Distance":2137.0,"Outbound":true,"RunningTime":20},{"RouteId":295,"RouteVarId":2,"RouteVarName":"Lượt về","RouteVarShortName":"Nguyễn Công Bao","RouteNo":"HS-75","StartStop":"Tieu Hoc Tam Thon Hiep","EndStop":"Trung Tam Hoc Cong Dong","Distance":2092.0,"Outbound":false,"RunningTime":20}]
[{"RouteId":297,"RouteVarId":1,"RouteVarName":"Lượt đi","RouteVarShortName":"Trường THCS Tam Thôn Hiệp","RouteNo":"HS-77","StartStop":"Tam Thon Hiep","EndStop":"THCS Tam Thon Hiep","Distance":2608.0,"Outbound":true,"RunningTime":20},{"RouteId":297,"RouteVarId":2,"RouteVarName":"Lượt về","RouteVarShortName":"Tam Thôn Hiệp(gần nhà thờ thánh Giuse)","RouteNo":"HS-77","StartStop":"THCS Tam Thon Hiep","EndStop":"Tam Thon Hiep","Distance":2611.0,"Outbound":false,"RunningTime":20}]
[{"RouteId":299,"RouteVarId":1,"RouteVarName":"Lượt đi","RouteVarShortName":"Trường THCS Lý Nhơn","RouteNo":"HS-79","StartStop":"Duong Van Hanh ","EndStop":"THCS Ly Nhon","Distance":2768.0,"Outbound":true,"RunningTime":15},{"RouteId":299,"RouteVarId":2,"RouteVarName":"Lượt về","RouteVarShortName":"Dương Văn Hạnh (hướng từ cầu vàm sát)","RouteNo":"HS-79","StartStop":"THCS Ly Nhon","EndStop":"Duong Van Hanh ","Distance":2749.0,"Outbound":false,"RunningTime":15}]
[{"RouteId":298,"RouteVarId":1,"RouteVarName":"Lượt đi","RouteVarShortName":"Trường THCS Tam Thôn Hiệp","RouteNo":"HS-78","StartStop":"Trung Tam Hoc Cong Dong","EndStop":"THCS Tam Thon Hiep","Distance":2602.0,"Outbound":true,"RunningTime":20},{"RouteId":298,"RouteVarId":2,"RouteVarName":"Lượt về","RouteVarShortName":"Trung Tâm Học Tập Cộng Đồng","RouteNo":"HS-78","StartStop":"THCS Tam Thon Hiep","EndStop":"Trung Tam Hoc Cong Dong","Distance":2574.0,"Outbound":false,"RunningTime":20}]
[{"RouteId":300,"RouteVarId":1,"RouteVarName":"Lượt đi","RouteVarShortName":"Trường THCS Lý Nhơn","RouteNo":"HS-80","StartStop":"Duong Van Hanh ","EndStop":"THCS Ly Nhon","Distance":2697.0,"Outbound":true,"RunningTime":15},{"RouteId":300,"RouteVarId":2,"RouteVarName":"Lượt về","RouteVarShortName":"Dương Văn Hạnh","RouteNo":"HS-80","StartStop":"THCS Ly Nhon","EndStop":"Duong Van Hanh ","Distance":2688.0,"Outbound":false,"RunningTime":15}]
[{"RouteId":301,"RouteVarId":1,"RouteVarName":"Lượt đi","RouteVarShortName":"Trường THCS Lý Nhơn","RouteNo":"HS-81","StartStop":"Ly Nhon","EndStop":"THCS Ly Nhon","Distance":7516.0,"Outbound":true,"RunningTime":15},{"RouteId":301,"RouteVarId":2,"RouteVarName":"Lượt về","RouteVarShortName":"Lý Nhơn","RouteNo":"HS-81","StartStop":"THCS Ly Nhon","EndStop":"Ly Nhon","Distance":7536.0,"Outbound":false,"RunningTime":15}]
[{"RouteId":302,"RouteVarId":1,"RouteVarName":"Lượt đi","RouteVarShortName":"Trường THCS Bình Khánh","RouteNo":"HS-82","StartStop":"Tran Quang Dao","EndStop":"THCS Binh Khanh","Distance":2871.0,"Outbound":true,"RunningTime":20},{"RouteId":302,"RouteVarId":2,"RouteVarName":"Lượt về","RouteVarShortName":"Trần Quang Đạo (ngã tư Trần Quang Đạo giao Rùng Sác)","RouteNo":"HS-82","StartStop":"THCS Binh Khanh","EndStop":"Tran Quang Dao","Distance":2863.0,"Outbound":false,"RunningTime":20}]
[{"RouteId":303,"RouteVarId":1,"RouteVarName":"Lượt đi","RouteVarShortName":"Trường THCS Bình Khánh","RouteNo":"HS-83","StartStop":"Ha Quang Voc","EndStop":"THCS Binh Khanh","Distance":3202.0,"Outbound":true,"RunningTime":20},{"RouteId":303,"RouteVarId":2,"RouteVarName":"Lượt về","RouteVarShortName":"Hà Quang Vóc","RouteNo":"HS-83","StartStop":"THCS Binh Khanh","EndStop":"Ha Quang Voc","Distance":2773.0,"Outbound":false,"RunningTime":20}]
[{"RouteId":305,"RouteVarId":1,"RouteVarName":"Lượt đi","RouteVarShortName":"Trường THPT An Nghĩa","RouteNo":"HS-85","StartStop":"Tam Thon Hiep","EndStop":"THPT An Nghia","Distance":3598.0,"Outbound":true,"RunningTime":20},{"RouteId":305,"RouteVarId":2,"RouteVarName":"Lượt về","RouteVarShortName":"Tam Thôn Hiệp","RouteNo":"HS-85","StartStop":"THPT An Nghia","EndStop":"Tam Thon Hiep","Distance":3631.0,"Outbound":false,"RunningTime":20}]
[{"RouteId":304,"RouteVarId":1,"RouteVarName":"Lượt đi","RouteVarShortName":"Trường THCS Bình Khánh","RouteNo":"HS-84","StartStop":"Ba Xan","EndStop":"THCS Binh Khanh","Distance":6025.0,"Outbound":true,"RunningTime":20},{"RouteId":304,"RouteVarId":2,"RouteVarName":"Lượt về","RouteVarShortName":"Bà Xán","RouteNo":"HS-84","StartStop":"THCS Binh Khanh","EndStop":"Ba Xan","Distance":4750.0,"Outbound":false,"RunningTime":20}]
[{"RouteId":306,"RouteVarId":1,"RouteVarName":"Lượt đi","RouteVarShortName":"Trường Tiểu Học Qui Đức","RouteNo":"HS-86","StartStop":"Quoc Lo 50","EndStop":"TH Qui Duc","Distance":2274.0,"Outbound":true,"RunningTime":20},{"RouteId":306,"RouteVarId":2,"RouteVarName":"Lượt về","RouteVarShortName":"Quốc Lộ 50","RouteNo":"HS-86","StartStop":"TH Qui Duc","EndStop":"Quoc Lo 50","Distance":2272.0,"Outbound":false,"RunningTime":20}]
[{"RouteId":307,"RouteVarId":1,"RouteVarName":"Lượt đi","RouteVarShortName":"Trường Tiểu Học Qui Đức","RouteNo":"HS-87","StartStop":"Bui Van Su","EndStop":"TH Qui Duc","Distance":1758.0,"Outbound":true,"RunningTime":20},{"RouteId":307,"RouteVarId":2,"RouteVarName":"Lượt về","RouteVarShortName":"Bùi Văn Sự","RouteNo":"HS-87","StartStop":"TH Qui Duc","EndStop":"Bui Van Su","Distance":1754.0,"Outbound":false,"RunningTime":20}]
[{"RouteId":308,"RouteVarId":1,"RouteVarName":"Lượt đi","RouteVarShortName":"Trường Tiểu Học Qui Đức","RouteNo":"HS-88","StartStop":"Nguyen Van Long","EndStop":"TH Qui Duc","Distance":1784.0,"Outbound":true,"RunningTime":20},{"RouteId":308,"RouteVarId":2,"RouteVarName":"Lượt về","RouteVarShortName":"Nguyễn Văn Long","RouteNo":"HS-88","StartStop":"TH Qui Duc","EndStop":"Nguyen Van Long","Distance":1797.0,"Outbound":false,"RunningTime":20}]
[]
[{"RouteId":310,"RouteVarId":1,"RouteVarName":"Lượt đi","RouteVarShortName":"Cung Văn Hóa Lao Động","RouteNo":"HS-90","StartStop":"THCS Bach Dang","EndStop":"Huyen Tran Cong Chua","Distance":3174.0,"Outbound":true,"RunningTime":20},{"RouteId":310,"RouteVarId":2,"RouteVarName":"Lượt về","RouteVarShortName":"Trường THCS Bạch Đằng","RouteNo":"HS-90","StartStop":"Huyen Tran Cong Chua","EndStop":"THCS Bach Dang","Distance":3714.0,"Outbound":false,"RunningTime":20}]
[{"RouteId":311,"RouteVarId":1,"RouteVarName":"Lượt đi","RouteVarShortName":"Cung Văn Hóa Lao Động","RouteNo":"HS-91","StartStop":"THCS Hai Ba Trung","EndStop":"Huyen Tran Cong Chua","Distance":2811.0,"Outbound":true,"RunningTime":20},{"RouteId":311,"RouteVarId":2,"RouteVarName":"Lượt về","RouteVarShortName":"Trường THCS Hai Bà Trưng","RouteNo":"HS-91","StartStop":"Huyen Tran Cong Chua","EndStop":"THCS Hai Ba Trung","Distance":3758.0,"Outbound":false,"RunningTime":20}]
[{"RouteId":312,"RouteVarId":1,"RouteVarName":"Lượt đi","RouteVarShortName":"Trường Tiểu Học Nguyễn Bỉnh Khiêm","RouteNo":"HS-92","StartStop":"Le Van Thinh","EndStop":"TH Nguyen Bỉnh Khiem","Distance":18552.0,"Outbound":false,"RunningTime":30},{"RouteId":312,"RouteVarId":2,"RouteVarName":"Lượt về","RouteVarShortName":"Lê Văn Thịnh","RouteNo":"HS-92","StartStop":"TH Nguyen Bỉnh Khiem","EndStop":"Le Van Thinh","Distance":20705.0,"Outbound":true,"RunningTime":20}]
[{"RouteId":314,"RouteVarId":1,"RouteVarName":"Lượt đi","RouteVarShortName":"Chung Cư Hoàng Anh Gia Lai","RouteNo":"HS-94","StartStop":"TH Nguyen Bỉnh Khiem","EndStop":"Nguyen Van Huong","Distance":12253.0,"Outbound":true,"RunningTime":90},{"RouteId":314,"RouteVarId":2,"RouteVarName":"Lượt về","RouteVarShortName":"Trường Tiểu Học Nguyễn Bỉnh Khiêm","RouteNo":"HS-94","StartStop":"Nguyen Van Huong","EndStop":"TH Nguyen Bỉnh Khiem","Distance":11142.0,"Outbound":false,"RunningTime":80}]
[{"RouteId":313,"RouteVarId":1,"RouteVarName":"Lượt đi","RouteVarShortName":"Trường Tiểu Học Nguyễn Bỉnh Khiêm","RouteNo":"HS-93","StartStop":"Thao Dien","EndStop":"TH Nguyen Bỉnh Khiem","Distance":12986.0,"Outbound":true,"RunningTime":90},{"RouteId":313,"RouteVarId":2,"RouteVarName":"Lượt về","RouteVarShortName":"Thảo Điền","RouteNo":"HS-93","StartStop":"TH Nguyen Bỉnh Khiem","EndStop":"Thao Dien","Distance":7277.0,"Outbound":false,"RunningTime":80}]
[]
[]
[]
[]
[]
[{"RouteId":337,"RouteVarId":1,"RouteVarName":"Lượt đi: Ga tàu thuỷ Bạch Đằng - Ga tàu thuỷ Linh Đông","RouteVarShortName":"Linh Đông","RouteNo":"SWB1","StartStop":"Ga tàu thuỷ Bạch Đằng","EndStop":"Ga tàu thuỷ Linh Đông","Distance":11680.000000000002,"Outbound":true,"RunningTime":52},{"RouteId":337,"RouteVarId":2,"RouteVarName":"Lượt về: Ga tàu thuỷ Linh Đông - Ga tàu thuỷ Bạch Đằng","RouteVarShortName":"Bạch Đằng","RouteNo":"SWB1","StartStop":"Ga tàu thuỷ Linh Đông","EndStop":"Ga tàu thuỷ Bạch Đằng","Distance":11785.0,"Outbound":false,"RunningTime":52}]
[]
